ID,Accession,Description,SO name,Organism,Xref,Length,Sequence,Second Structure Thumbnail,Second Structure (PNG),Second Structure (PDF)
FR000330,AJ248286,Pyrococcus C/D box guide small nucleolar RNA (snoRNA),C_D_box_snoRNA,Pyrococcus abyssi GE5,RF00095 Rfam v8.1,60,GGGAGTGATGAGGTTCGCTAGAGCTGAAGGATTGATGATGAGACCCAGGGTATCTGACCG,FR000330.jpg,FR000330.png,FR000330.pdf
FR000439,"",Putative conserved noncoding region (EvoFold),nc_conserved_region,Homo sapiens,EVF47712 RNAdb v2.0,60,CGAGAGAAGGACCGGAACCTGCGGCGCATCACTCGGCTGGTGCTGGTGGTAGTGGCTGTG,FR000439.jpg,FR000439.png,FR000439.pdf
FR001529,AF458354,Japanese encephalitis virus (JEV) hairpin structure,mature_transcript,West Nile virus,RF00465 Rfam v8.1,60,TGGAAGTCAGGCCGGCTTAACGCTGCCACCGGAAGTTGAGTAGACGGTGCTGCCTGCGGC,FR001529.jpg,FR001529.png,FR001529.pdf
FR002614,AF357474,small non-messenger RNA (snmRNA),ncRNA,Mus musculus,"u1512 NONCODE v1.0,LIT1770 RNAdb v2.0",60,GTTGTAAGAATGGAAAGAAATATGTGGAAAAAAATCTAACTTACTGGCAGTGGTGGTCTA,,,
FR004713,"",Putative conserved noncoding region (EvoFold),nc_conserved_region,Homo sapiens,EVF37630 RNAdb v2.0,60,GTTCATTTGTAAAGATTTTTGGACTACGGTATTCAAGAAACAAATCGACAATCTAAGGAC,FR004713.jpg,FR004713.png,FR004713.pdf
FR005769,"",Putative conserved noncoding region (EvoFold),nc_conserved_region,Homo sapiens,EVF24446 RNAdb v2.0,60,TGTCTTCACATGCTTGATTTCATTCCTTAATTAGAGCCATTAATCAATAGGTATGAGATA,FR005769.jpg,FR005769.png,FR005769.pdf
FR007306,"",Putative conserved noncoding region (EvoFold),nc_conserved_region,Homo sapiens,EVF3798 RNAdb v2.0,60,GCTCGCCGGGCAGCAGCAGGCGCACGGCCGTCTGGATCTCGCGGGATGTGATGGTGGAGC,FR007306.jpg,FR007306.png,FR007306.pdf
FR007369,"",Putative conserved noncoding region (RNAz),nc_conserved_region,Homo sapiens,RNZ22717 RNAdb v2.0,60,TTCCTGGCACCTCTTTTGCTGAAAAATTGACCTGGTTGCAGAATTTCTCACTCCTCTGCT,FR007369.jpg,FR007369.png,FR007369.pdf
FR009217,"",Putative conserved noncoding region (EvoFold),nc_conserved_region,Homo sapiens,EVF9219 RNAdb v2.0,60,AGAAGCCACTGTGTGCTTTTGAAAGCATGAAATTAGTTTTATACTGAGCACATGGTTTCT,FR009217.jpg,FR009217.png,FR009217.pdf
FR011695,CR405877,precursor micro RNA (miRNA) mir-9,pre_miRNA,Gallus gallus,RF00237 Rfam v8.1,60,ATCTTTGGTTATCTAGCTGTATGAGTGTTTTGGTCTTCATAAAGCTAGATAACCGAAAGT,FR011695.jpg,FR011695.png,FR011695.pdf
FR012911,"",Putative conserved noncoding region (EvoFold),nc_conserved_region,Homo sapiens,EVF14868 RNAdb v2.0,60,ACAAAGACTGATTTATGTGGGCCCGTTTTGTGCTCTGACAAAACATAGAGACGCTTTTGT,FR012911.jpg,FR012911.png,FR012911.pdf
FR013182,"",Putative conserved noncoding region (EvoFold),nc_conserved_region,Homo sapiens,EVF23587 RNAdb v2.0,60,TATTTAATTTATAAAAGTTTTTTTCCTGTTTTCTATTTGCAGAACTGCTAAAATAAAATA,FR013182.jpg,FR013182.png,FR013182.pdf
FR014359,"",Putative conserved noncoding region (EvoFold),nc_conserved_region,Homo sapiens,EVF5440 RNAdb v2.0,60,GGCGCCGCGAGGACAAGGCTGCAGGGCGGCGTGAATGGGCGGCGTCACGCGCCTGGCGCC,FR014359.jpg,FR014359.png,FR014359.pdf
FR014850,"AF315977,AY242590",HIV gag stem loop 3 (GSL3),mature_transcript,Human immunodeficiency virus 1,RF00376 Rfam v8.1,60,ACACTATATGCTNAAACACCTAGTATGGGCAAGCAGGGAGCTGGAAAGATTTGCACTTAA,,,
FR014926,"",Putative conserved noncoding region (EvoFold),nc_conserved_region,Homo sapiens,EVF9124 RNAdb v2.0,60,AGATATTTTTTATGACATCAATTACAGGGCTAGTGATTTGATGAGAAAAGGAAAATATCT,FR014926.jpg,FR014926.png,FR014926.pdf
FR016721,"",Putative conserved noncoding region (EvoFold),nc_conserved_region,Homo sapiens,EVF2109 RNAdb v2.0,60,TATATAACGTTTTATGGTTGTTTCATGTACTTTATTATAATACTAATGAGCAGTTATATA,FR016721.jpg,FR016721.png,FR016721.pdf
FR016876,"",Putative conserved noncoding region (EvoFold),nc_conserved_region,Homo sapiens,EVF36200 RNAdb v2.0,60,AGACCTTGAATTTTTACAACACTATGTTGAATTATGCAGTGATCAGTCAATTATTCATCT,FR016876.jpg,FR016876.png,FR016876.pdf
FR017997,Y11110,Selenocysteine insertion sequence,SECIS_element,Gallus gallus,RF00031 Rfam v8.1,60,TATTTGTCATGACAGTCACAGCATAAAGCGCAGACGGCTGTGACCTGATTTTAGAAAATA,FR017997.jpg,FR017997.png,FR017997.pdf
FR018058,"",Putative conserved noncoding region (EvoFold),nc_conserved_region,Homo sapiens,EVF38753 RNAdb v2.0,60,GAAGAAATATGAGAGAATTTTATGAGGTGTACTGTATATCTTTAATACTCGTATTTTTTC,FR018058.jpg,FR018058.png,FR018058.pdf
FR020307,"",Putative conserved noncoding region (EvoFold),nc_conserved_region,Homo sapiens,EVF2020 RNAdb v2.0,60,TGTAATTTATTGAAACTCAACTCAAAAAATATAAGATGCTGTAGTGTACAATATATTACA,FR020307.jpg,FR020307.png,FR020307.pdf
FR021113,"",Putative conserved noncoding region (RNAz),nc_conserved_region,Homo sapiens,RNZ21343 RNAdb v2.0,60,GATTCCTCTACAAGAGGCTGTTTCTCACTGCTAACGTTGGTGTTTCTGGCGTGGGAAGAA,FR021113.jpg,FR021113.png,FR021113.pdf
FR021270,"",Putative conserved noncoding region (EvoFold),nc_conserved_region,Homo sapiens,EVF23373 RNAdb v2.0,60,TCTTCATGAGGTACTTCACATCATAAATGACAGGAAAAAACAATCGAAGGATCTCAAAGA,FR021270.jpg,FR021270.png,FR021270.pdf
FR021978,"",Putative conserved noncoding region (EvoFold),nc_conserved_region,Homo sapiens,EVF27141 RNAdb v2.0,60,GAAATCAAAATTCATTGTCATTACTATGCCGTGATAGTTTTGCAAACTGTACTCAATTTC,FR021978.jpg,FR021978.png,FR021978.pdf
FR025590,"AF196543,AF458358",Japanese encephalitis virus (JEV) hairpin structure,mature_transcript,West Nile virus,RF00465 Rfam v8.1,60,AGAGAGTCAGGCCAGACTAGAGCTGCCACCGGAAGTTGAGTAGACGGTGCTGCCTGCAAC,FR025590.jpg,FR025590.png,FR025590.pdf
FR025727,AF174984,HIV gag stem loop 3 (GSL3),mature_transcript,Human immunodeficiency virus 1,RF00376 Rfam v8.1,60,GATATAAATTAAAACATATAGTATGGGCAAGCAGGGAGCTAGAACGATTCGCAGTTAATC,FR025727.jpg,FR025727.png,FR025727.pdf
FR026032,"",Putative conserved noncoding region (EvoFold),nc_conserved_region,Homo sapiens,EVF12455 RNAdb v2.0,60,CTTCAAAGCCTCTGCATTGCTGAGGAACTTCTGTCATTGACAGGAGGTCTTGCTTTGAAG,FR026032.jpg,FR026032.png,FR026032.pdf
FR028111,AF050903,HIV gag stem loop 3 (GSL3),mature_transcript,Human immunodeficiency virus 1,RF00376 Rfam v8.1,60,AAAATATAAATTAAAACATATAGTATGGGCAAGCAGGGAGCTAGAACGATTCGCAGTTAA,,,
FR030719,"",Putative conserved noncoding region (EvoFold),nc_conserved_region,Homo sapiens,EVF37268 RNAdb v2.0,60,TTGGAGGTACCAGACATACCATATGCTGTGTCTAGGAGTTGCTATGGCAACTACTTTTAA,FR030719.jpg,FR030719.png,FR030719.pdf
FR031325,"",Putative conserved noncoding region (EvoFold),nc_conserved_region,Homo sapiens,EVF25033 RNAdb v2.0,60,TTATTTGAATAATCTGAGATCAAGTTGCAGTAATTAAAAATGAATGTATTATTCAAATGA,FR031325.jpg,FR031325.png,FR031325.pdf
FR031733,"",Putative conserved noncoding region (EvoFold),nc_conserved_region,Homo sapiens,EVF46440 RNAdb v2.0,60,GTGGTTTGTTATCAGTACAATTCTTTGTTGCTTAATCTAGAGCTATGCACACCAAATTGC,FR031733.jpg,FR031733.png,FR031733.pdf
FR032288,"",Putative conserved noncoding region (RNAz),nc_conserved_region,Homo sapiens,RNZ21988 RNAdb v2.0,60,CAAGCAGCTGGGAGAGACACCCCACTACCCACCCTGCAGCTGCTCCAAGGATACTGGAGA,FR032288.jpg,FR032288.png,FR032288.pdf
FR032399,AF297856,Japanese encephalitis virus (JEV) hairpin structure,mature_transcript,Kunjin virus,RF00465 Rfam v8.1,60,AGGAAGTCAGGCCGGGAGATTCCCGCCACCGGAAGTTGAGTAGACGGTGCTGCCTGCGAC,FR032399.jpg,FR032399.png,FR032399.pdf
FR033129,"",Putative conserved noncoding region (EvoFold),nc_conserved_region,Homo sapiens,EVF5511 RNAdb v2.0,60,TGTTTACTAGATAAGCTTTTGATATTTGATGTTTGCTAATCATATTAAAGGCTTGAAACA,FR033129.jpg,FR033129.png,FR033129.pdf
FR034829,DQ144458,non-protein coding (noncoding) transcript,ncRNA,Homo sapiens,HIT000341984 H-invitational v4.0,60,TATTACTGTCAGCAGTATGGTAGCTCACTCACTTTCGGCGGAGGGACCAAGGTGGAGATC,FR034829.jpg,FR034829.png,FR034829.pdf
FR035325,"",Putative conserved noncoding region (EvoFold),nc_conserved_region,Homo sapiens,EVF30432 RNAdb v2.0,60,TGTATATAACATTAAATAATGTAACGTAGGTGTAGATTCCCAAATGCATTTGGATGTACA,FR035325.jpg,FR035325.png,FR035325.pdf
FR035363,"",Putative conserved noncoding region (RNAz),nc_conserved_region,Homo sapiens,RNZ31816 RNAdb v2.0,60,ATTGCTTTGGCTTGTCCCCAACTGCTGCCCCAGACAGCAGCCTGTTGGGTTATTGGTCTT,FR035363.jpg,FR035363.png,FR035363.pdf
FR037661,"",Putative conserved noncoding region (EvoFold),nc_conserved_region,Homo sapiens,EVF8183 RNAdb v2.0,60,TTCTAGTCAATTCACCCAAATTCCAACAGGAATTGGTTTATAAATTGGTTCCAACTGGAA,FR037661.jpg,FR037661.png,FR037661.pdf
FR038405,"AF196538,AF196540,AF458352",Japanese encephalitis virus (JEV) hairpin structure,mature_transcript,West Nile virus,RF00465 Rfam v8.1,60,AGGAAGTCAGGCCGGAGCATTTCCGCCACCGGATGTTGAGTAGACGGTGCTGCCTGCGTC,FR038405.jpg,FR038405.png,FR038405.pdf
FR041128,"",Putative conserved noncoding region (EvoFold),nc_conserved_region,Homo sapiens,EVF22127 RNAdb v2.0,60,TAGATGTTTGGCCAAATGAATGCTGTTAATAATATGTAAAATTCTTTGATTAAACATTTA,FR041128.jpg,FR041128.png,FR041128.pdf
FR041869,"",Putative conserved noncoding region (EvoFold),nc_conserved_region,Homo sapiens,EVF33781 RNAdb v2.0,60,CGGAGGGGGAGCGCCCCAGGCTGTTGCTGGGCACACAGGTGTACTTCCCCGAGTCCTCCG,FR041869.jpg,FR041869.png,FR041869.pdf
FR044463,AY220386,Group II intron,group_II_intron,Degeneria roseiflora,RF00029 Rfam v8.1,60,GAAAGCCGTGTGCAATGAAAAATGCAAGCACGGTTTGGGGAGGGATCTTTTTCTTCCTAT,FR044463.jpg,FR044463.png,FR044463.pdf
FR045162,"",Putative conserved noncoding region (RNAz),nc_conserved_region,Homo sapiens,RNZ5759 RNAdb v2.0,60,ATCCCCTGAGCTTTAGGCTCAGGAACTCTCTGATTTCAGGTACCAAGAAAGAGAAAATGG,FR045162.jpg,FR045162.png,FR045162.pdf
FR046392,AF254825,C/D box small nucleolar RNA (snoRNA) sR11,C_D_box_snoRNA,Pyrococcus abyssi,u1112 NONCODE v1.0,60,GGATGATGACCGGTTTCGGGACTGAGCTATGATGACACCAGCTATCGCTGACTCCTCTTA,FR046392.jpg,FR046392.png,FR046392.pdf
FR046673,"","",nc_conserved_region,Mus musculus,RNS3268 RNAdb v2.0,60,TGGTATCATAGAAAATGAAATTATAAATCACTTTAGCTAAAACTAACTTTAAAATAAGGA,FR046673.jpg,FR046673.png,FR046673.pdf
FR046945,"",Putative conserved noncoding region (EvoFold),nc_conserved_region,Homo sapiens,EVF16710 RNAdb v2.0,60,AGTTTTCTTATTTGTTGAGTATCCAGGTAACAAACTACTTAAAATCAACCAAACAAAACT,FR046945.jpg,FR046945.png,FR046945.pdf
FR050466,"",Putative conserved noncoding region (EvoFold),nc_conserved_region,Homo sapiens,EVF33390 RNAdb v2.0,60,TGTTTAACGCAGATGCTGAGTGAGATTTAAAAAGAAATTAGAAAAGCATTTGTGTTAACA,FR050466.jpg,FR050466.png,FR050466.pdf
FR051550,"AF297847,AF458356",Japanese encephalitis virus (JEV) hairpin structure,mature_transcript,Kunjin virus,RF00465 Rfam v8.1,60,AGGAAGTCAGGCCGGAAAATTTCCGCCACCGGAAGTTGAGTAGACGGTGCTGCCTGCAAC,FR051550.jpg,FR051550.png,FR051550.pdf
FR051567,AF458350,Japanese encephalitis virus (JEV) hairpin structure,mature_transcript,West Nile virus,RF00465 Rfam v8.1,60,AGGAAGTCAGGCCGGGAGGTTTCCGCCACCGGAAGTTGAGTAGACGGTGCTGCCTGCGAC,FR051567.jpg,FR051567.png,FR051567.pdf
FR051650,"",Putative conserved noncoding region (EvoFold),nc_conserved_region,Homo sapiens,EVF37020 RNAdb v2.0,60,ATCAATTTCATTTAATTCACAATTTGTGTCAGCACAGCAGATGCCAATGCCTGCCTTGAT,FR051650.jpg,FR051650.png,FR051650.pdf
FR053579,"",Putative conserved noncoding region (EvoFold),nc_conserved_region,Homo sapiens,EVF41969 RNAdb v2.0,60,TTTCTGGGTTTTTGATTTCTTCTGTTACAAAATTAAGGGTGTCCCAACCTGAGTAAGAGA,FR053579.jpg,FR053579.png,FR053579.pdf
FR053580,"",Putative conserved noncoding region (EvoFold),nc_conserved_region,Homo sapiens,EVF19228 RNAdb v2.0,60,GAAGATGGACACACAATTATGCTCTCTTGCTGTATATTAATACAGATTCTTGACATCTTC,FR053580.jpg,FR053580.png,FR053580.pdf
FR055541,"",Putative conserved noncoding region (EvoFold),nc_conserved_region,Homo sapiens,EVF40543 RNAdb v2.0,60,AATCAAAATAAATGGATTCTATTAAAACCGGCAATGCATCAACTGCTTGATAAAGTGATT,FR055541.jpg,FR055541.png,FR055541.pdf
FR055672,"",Putative conserved noncoding region (RNAz),nc_conserved_region,Homo sapiens,RNZ33205 RNAdb v2.0,60,TTTTCTGACTTATGCAAGAAGGCATTACATAATACTGCAGCCCTAGCTAGGCAGCTGCAG,FR055672.jpg,FR055672.png,FR055672.pdf
FR056917,"",Putative conserved noncoding region (EvoFold),nc_conserved_region,Homo sapiens,EVF31430 RNAdb v2.0,60,CCTGTGGGTTTTCATGAATTCAGAAAGTCCACTTTGAACACTGATTTCAAAGCCTACAGG,FR056917.jpg,FR056917.png,FR056917.pdf
FR056919,"",Putative conserved noncoding region (EvoFold),nc_conserved_region,Homo sapiens,EVF3079 RNAdb v2.0,60,ATGAAAGCAAGCTGTTAACAGAAATGAGTAATTATTGAAGCTCTAACAGGCAGCTTTCAT,FR056919.jpg,FR056919.png,FR056919.pdf
FR057420,AF357334,C/D box small nucleolar RNA (snoRNA),C_D_box_snoRNA,Mus musculus,"u1372 NONCODE v1.0,SNO1073 RNAdb v2.0",60,GCCCAAGATGTCTGAACCTGTCTGAAGCATCTTTTTGATGTAGTCTATGTGGTTCTGAGA,FR057420.jpg,FR057420.png,FR057420.pdf
FR061542,"",Putative conserved noncoding region (EvoFold),nc_conserved_region,Homo sapiens,EVF46586 RNAdb v2.0,60,TCTGCCAGCGCTGCTGATTCTCCCGGTAGTAAGGGAAGAGGTCCATGATCCACTGGTAGA,FR061542.jpg,FR061542.png,FR061542.pdf
FR062864,"AF141346,AL136170,AL591203",C/D box guide small nucleolar RNA (snoRNA) SNORD75 / U75,C_D_box_snoRNA,Homo sapiens,"u841 NONCODE v1.0,RF00612 Rfam v8.1,SNO1461 RNAdb v2.0,U75 snoRNA-LBME-db release3",60,AGCCTGTGATGCTTTAAGAGTAGTGGACAGAAGGGATTTCTGAAATTCTATTCTGAGGCT,FR062864.jpg,FR062864.png,FR062864.pdf
FR063396,"AC129477,AJ240057,AJ240058",C/D box guide small nucleolar RNA (snoRNA) Z39,C_D_box_snoRNA,"Mus musculus,Rattus norvegicus","u2078 NONCODE v1.0,u2079 NONCODE v1.0,RF00341 Rfam v8.1,SNO1188 RNAdb v2.0,SNO1189 RNAdb v2.0",60,GTACATGTGATGAAGCAAATCAGTATGAATAAAATGATACTGTAAACGCTTTCTGATGTA,FR063396.jpg,FR063396.png,FR063396.pdf
FR068682,"",Putative conserved noncoding region (EvoFold),nc_conserved_region,Homo sapiens,EVF15443 RNAdb v2.0,60,TTTTTATATTTTATTGCTTTGAATGCTCAAACTATGGGAAATCTTTGGTAAAAATAAAGA,FR068682.jpg,FR068682.png,FR068682.pdf
FR069001,"","",nc_conserved_region,Homo sapiens,RNS1388 RNAdb v2.0,60,CCCCCAGAGGCCAGCAGGCTGGGGTGCCCTCCCCAGCCAGGTGGGGATGGGTGAGGGCTG,FR069001.jpg,FR069001.png,FR069001.pdf
FR070499,"",Putative conserved noncoding region (RNAz),nc_conserved_region,Homo sapiens,RNZ9070 RNAdb v2.0,60,TGCCACCAGGTTAATGAAGGGTGGCTTCTGGCTGGAGCCTCACTGTGGAGCAGCTTGGCT,FR070499.jpg,FR070499.png,FR070499.pdf
FR071047,AF355294,HIV gag stem loop 3 (GSL3),mature_transcript,Human immunodeficiency virus 1,RF00376 Rfam v8.1,60,GGCTGAAGCATCTAGTATGGGCAAGCAGGGAGCTAGAACGATTTGCACTTAATCCTGGCC,FR071047.jpg,FR071047.png,FR071047.pdf
FR072189,"",Putative conserved noncoding region (RNAz),nc_conserved_region,Homo sapiens,RNZ14298 RNAdb v2.0,60,TGGGCTTCCTTGGAGCTAGTCAGAGGGGTCACCTAAGCTGGTCCTCACAGGGGCCTTTCT,FR072189.jpg,FR072189.png,FR072189.pdf
FR072708,"",Putative conserved noncoding region (RNAz),nc_conserved_region,Homo sapiens,RNZ12643 RNAdb v2.0,60,TGCTCTCATCTGTTTGGTTCTTTGGGAAAGCACAAGATTCTTCTAGATCCCATTAACCAT,FR072708.jpg,FR072708.png,FR072708.pdf
FR073477,"",Putative conserved noncoding region (RNAz),nc_conserved_region,Homo sapiens,RNZ13368 RNAdb v2.0,60,TTTATCTTACCTTTATCAAGGCAAACAAAGTACAGATGCTGTACATTAAAAACATAGAAA,FR073477.jpg,FR073477.png,FR073477.pdf
FR073989,"","",nc_conserved_region,Homo sapiens,RNS2027 RNAdb v2.0,60,AGGGAGCAGAGGTGGGTGAGGCCGGAGGAGGCGGCCCCACCTGCCTATCTCTGGAGCCCT,FR073989.jpg,FR073989.png,FR073989.pdf
FR074603,"","",nc_conserved_region,Homo sapiens,RNS2184 RNAdb v2.0,60,TGCTGAATGTTGTTCAAAAACAAAGGTGGCTTGTCCCAGGCTGCAAGCAGAAAGGCACCA,FR074603.jpg,FR074603.png,FR074603.pdf
FR074750,AP004638,Group II intron,group_II_intron,Psilotum nudum,RF00029 Rfam v8.1,60,TTGAGTTGGATGAAAAAAAATTTTCATGTCCGATTCTCGGGGGGGATAACCTATCCCAAT,FR074750.jpg,FR074750.png,FR074750.pdf
FR075804,"",Putative conserved noncoding region (EvoFold),nc_conserved_region,Homo sapiens,EVF18673 RNAdb v2.0,60,TCCTAATTAAGATATTGTTAAATGTCCTTTGTTAGCAGATTTTAACAATGTTAATTAGGA,FR075804.jpg,FR075804.png,FR075804.pdf
FR076693,"",Putative conserved noncoding region (RNAz),nc_conserved_region,Homo sapiens,RNZ13400 RNAdb v2.0,60,CTGGAGTTTCCCGGCTTTCCCCCTGTCCCGCCAACTGTCCCACAGACCAGCAAAACATCC,FR076693.jpg,FR076693.png,FR076693.pdf
FR079117,"",Putative conserved noncoding region (EvoFold),nc_conserved_region,Homo sapiens,EVF7267 RNAdb v2.0,60,ATGGAATAAATAGCTAATTGGGTTAATTTAATAGCAGGTTAAATCTTTCTTTTATTTTGT,FR079117.jpg,FR079117.png,FR079117.pdf
FR079487,BX465834,precursor micro RNA (miRNA) mir-9,pre_miRNA,Danio rerio,RF00237 Rfam v8.1,60,ATCTTTGGTTATCTAGCTGTATGAGTATTTTGCACTTCATAAAGCTAGATAACCGAAAGT,FR079487.jpg,FR079487.png,FR079487.pdf
FR079809,"",Putative conserved noncoding region (RNAz),nc_conserved_region,Homo sapiens,RNZ5784 RNAdb v2.0,60,GCAAGCCCCGCCTTCCTCTCCAGGCCCAGGCCTCCCTCCAGGGCCCACCCTCGGGTCTCC,FR079809.jpg,FR079809.png,FR079809.pdf
FR079893,AF196535,Japanese encephalitis virus (JEV) hairpin structure,mature_transcript,West Nile virus,RF00465 Rfam v8.1,60,TGGAAGTCAGGCCAGATTAATGCTGCCACCGGAAGTTGAGTAGACGGTGCTGCCTGCGAC,FR079893.jpg,FR079893.png,FR079893.pdf
FR080795,"",Putative conserved noncoding region (EvoFold),nc_conserved_region,Homo sapiens,EVF6620 RNAdb v2.0,60,AATGCGATAATGCCAGAGTGCAACGGGTGTTAAGAACCCGTTGCATTTATGTATTGTATT,FR080795.jpg,FR080795.png,FR080795.pdf
FR081382,"",Putative conserved noncoding region (RNAz),nc_conserved_region,Homo sapiens,RNZ20132 RNAdb v2.0,60,TCACACCCAGTGATATCAGCCAGGCTCACCTCTGATGTCAGTGAGTTTACTATAGTTCAT,FR081382.jpg,FR081382.png,FR081382.pdf
FR081524,AF017821,HIV gag stem loop 3 (GSL3),mature_transcript,Human immunodeficiency virus 1,RF00376 Rfam v8.1,60,AAAATATAGATTAAAACATGTAGTATGGGCAAGCAGGGAGCTAGAACGATTCGCAGTTAA,,,
FR082512,"",Putative conserved noncoding region (EvoFold),nc_conserved_region,Homo sapiens,EVF40579 RNAdb v2.0,60,GTGACAGTTTCCTTATTACAAAATATGTAAAAATATGGATTCCCTTAAGGAATCTGTTGC,FR082512.jpg,FR082512.png,FR082512.pdf
FR083824,AF196537,Japanese encephalitis virus (JEV) hairpin structure,mature_transcript,West Nile virus,RF00465 Rfam v8.1,60,AGGAAGTCAGGCCGGAGCATTTCCGCCACCGGATGTTGAGTGGACGGTGCTGCCTGCGTC,FR083824.jpg,FR083824.png,FR083824.pdf
FR088558,"",Putative conserved noncoding region (EvoFold),nc_conserved_region,Homo sapiens,EVF9086 RNAdb v2.0,60,AACCCAATTAAGCTGTTTAGAACTTTGGCTTTTATGGTGTTGTCTAGACAGTTCAAGGTT,FR088558.jpg,FR088558.png,FR088558.pdf
FR090222,"",Putative conserved noncoding region (EvoFold),nc_conserved_region,Homo sapiens,EVF36094 RNAdb v2.0,60,CCTCTTGTCCGGAGAGGCCTGGTCATAGAATTCGTCCTGTGGCTGAACCAGAGGAAGAGG,FR090222.jpg,FR090222.png,FR090222.pdf
FR090929,"",Putative conserved noncoding region (EvoFold),nc_conserved_region,Homo sapiens,EVF45795 RNAdb v2.0,60,TGATTTGTAGTTGGTGAGGTAACATACGTGGAGCTCTTAATGGACGCTGAAGGAAAGTCA,FR090929.jpg,FR090929.png,FR090929.pdf
FR091539,"",Putative conserved noncoding region (RNAz),nc_conserved_region,Homo sapiens,RNZ11154 RNAdb v2.0,60,TGCGACTGTCCTTATTAGTATGTATGCCCAAATGCATCAAACTAATGAGGCAGTGTCATT,FR091539.jpg,FR091539.png,FR091539.pdf
FR092697,"",Putative conserved noncoding region (EvoFold),nc_conserved_region,Homo sapiens,EVF11385 RNAdb v2.0,60,TGACAACCACCCAGCAGCAGTTCTGTTTGATCTCTCCTGCTTCCTTAATTTGGGTTGTCA,FR092697.jpg,FR092697.png,FR092697.pdf
FR093897,"",Putative conserved noncoding region (EvoFold),nc_conserved_region,Homo sapiens,EVF31436 RNAdb v2.0,60,AATTTGAGACTGTTATCTTAATAACCAATTACTCAAATAACTTTGAAATTGGCTTAAATT,FR093897.jpg,FR093897.png,FR093897.pdf
FR096297,"",precursor micro RNA (miRNA) mir-M1-9,pre_miRNA,Murid herpesvirus 4,MI0001677 miRBase v9.2,60,TGAGGTTCCCGGCAAATGTTGGATAGATAGGTAACTTCTCACATTTGCCTGGACCTTTTT,FR096297.jpg,FR096297.png,FR096297.pdf
FR097773,"",Putative conserved noncoding region (EvoFold),nc_conserved_region,Homo sapiens,EVF38390 RNAdb v2.0,60,CTTTTCAGAATAACTTGACGTTTACAGGTACCATCAGTGGTGATGTCTGTGTGTGGAAAG,FR097773.jpg,FR097773.png,FR097773.pdf
FR099051,"",Putative conserved noncoding region (EvoFold),nc_conserved_region,Homo sapiens,EVF29689 RNAdb v2.0,60,ACCACTACACTGTGGACGTGGTGGTGGCATATTACATCACCACGAGACTCTTCTGGTGGT,FR099051.jpg,FR099051.png,FR099051.pdf
FR100662,AE009934,small nucleolar RNA (snoRNA),snoRNA,Pyrobaculum aerophilum str. IM2,u486 NONCODE v1.0,60,TGCGATGAGGAGCCGATGGCTGGCGCAACTCATGGCGTTAAAGCTTGGCGGGTTCTGAGC,FR100662.jpg,FR100662.png,FR100662.pdf
FR101146,"",Putative conserved noncoding region (EvoFold),nc_conserved_region,Homo sapiens,EVF29003 RNAdb v2.0,60,CATATGTCTTAATAACAGAAATGTGTTTTTGAAAAAAATGTATGTGATAAGTCACATATG,FR101146.jpg,FR101146.png,FR101146.pdf
FR104095,"",Putative conserved noncoding region (EvoFold),nc_conserved_region,Homo sapiens,EVF29099 RNAdb v2.0,60,ATTAAAAATTAACATGATTTATGTAACTAAAAGCTGCAATCTAATGTGATAATTTTCAGT,FR104095.jpg,FR104095.png,FR104095.pdf
FR106375,AF196536,Japanese encephalitis virus (JEV) hairpin structure,mature_transcript,West Nile virus,RF00465 Rfam v8.1,60,AGGAAGTCAGGCCGGGAAATTTCCGCCACCGGAAGTTGAGTAGACGGTGCTGCCTGCGAC,FR106375.jpg,FR106375.png,FR106375.pdf
FR110081,"",Putative conserved noncoding region (EvoFold),nc_conserved_region,Homo sapiens,EVF28037 RNAdb v2.0,60,CAGATTCTCAACTTACGTAATTCTATGGGAATTCACAGAGTTATATTGGTTGAGAATTTG,FR110081.jpg,FR110081.png,FR110081.pdf
FR112392,"AC026701,AF155142,AK091356,AY865907,AY865908,AY865909,AY865910,AY865911,BC036480,BC047100,BC096523",precursor micro RNA (miRNA) mir-9,pre_miRNA,"Ateles geoffroyi,Lagothrix lagotricha,Macaca nemestrina,Gorilla gorilla,Pan troglodytes,Homo sapiens,Mus musculus",RF00237 Rfam v8.1,60,ATCTTTGGTTATCTAGCTGTATGAGTGTATTGGTCTTCATAAAGCTAGATAACCGAAAGT,FR112392.jpg,FR112392.png,FR112392.pdf
FR112530,"",Putative conserved noncoding region (EvoFold),nc_conserved_region,Homo sapiens,EVF22702 RNAdb v2.0,60,AGTTTTTTTAAAGATTTTTTAAAAACAATTAATAATGTAGAACCTGAAATTCTGAAAATT,FR112530.jpg,FR112530.png,FR112530.pdf
FR112564,"",Putative conserved noncoding region (RNAz),nc_conserved_region,Homo sapiens,RNZ34080 RNAdb v2.0,60,GTGTGCCATCTGGGTGTCAATTTGTTGTGATAACCTAAACGACTTTCCTGGGTGACATAA,FR112564.jpg,FR112564.png,FR112564.pdf
FR117547,"",Putative conserved noncoding region (RNAz),nc_conserved_region,Homo sapiens,RNZ33211 RNAdb v2.0,60,CATCAAACATCAAGGTTAGCAAAGCTAAATATTGACTTCTGTCCAAAGGGCAGAAGATCC,FR117547.jpg,FR117547.png,FR117547.pdf
FR117812,AF458349,Japanese encephalitis virus (JEV) hairpin structure,mature_transcript,West Nile virus,RF00465 Rfam v8.1,60,TGGAAGTCAGGCCAGATTAATGCTGCCACCGGAAGTTGAGTATACGGTGCTGCCTGCGGC,FR117812.jpg,FR117812.png,FR117812.pdf
FR122923,"AF196541,AF196542,AF297840,AF297845,AF297846,AF297848,AF297849,AF297850,AF297852,AF297853,AF317203,AF404757,AY268132,AY277252,AY278442,AY701412",Japanese encephalitis virus (JEV) hairpin structure,mature_transcript,"Kunjin virus,West Nile virus",RF00465 Rfam v8.1,60,AGGAAGTCAGGCCGGAAAATTTCCGCCACCGGAAGTTGAGTAGACGGTGCTGCCTGCGAC,FR122923.jpg,FR122923.png,FR122923.pdf
FR124757,"",Putative conserved noncoding region (EvoFold),nc_conserved_region,Homo sapiens,EVF16707 RNAdb v2.0,60,AATAATGGCTCTGTAATTACTGAACTAATGTTATCAATTCCAACAGATATCACATTTATT,FR124757.jpg,FR124757.png,FR124757.pdf
FR126064,"",Putative conserved noncoding region (RNAz),nc_conserved_region,Homo sapiens,RNZ29433 RNAdb v2.0,60,TCAAGAAGTGTTCCCAAGATGATATATGCACATATTCCTAATTACTGTGAACTCCTCTTA,FR126064.jpg,FR126064.png,FR126064.pdf
FR128338,"",Putative conserved noncoding region (EvoFold),nc_conserved_region,Homo sapiens,EVF23688 RNAdb v2.0,60,TGATTAATGTGGTTCCATTTGGATGCAGTAATTGGCTGCGACTGTTGTAGAAAATAATCA,FR128338.jpg,FR128338.png,FR128338.pdf
FR128672,"",Putative conserved noncoding region (EvoFold),nc_conserved_region,Homo sapiens,EVF12437 RNAdb v2.0,60,TTGCACAGCACAGGAAGTTCACAGCCAGAGACTTAATTTCTCACACAATGTACTGTGCAA,FR128672.jpg,FR128672.png,FR128672.pdf
FR129433,"",Putative conserved noncoding region (EvoFold),nc_conserved_region,Homo sapiens,EVF34914 RNAdb v2.0,60,ACAAACAGCTGTTGGAAGAACTTTTAGCCCGGAAACAATCTCAGCAATAAAGTTGTTTGT,FR129433.jpg,FR129433.png,FR129433.pdf
FR129664,"",Putative conserved noncoding region (EvoFold),nc_conserved_region,Homo sapiens,EVF2211 RNAdb v2.0,60,TTAATTAACAAGGTTTATAACAGTGCTAATGTGTCCTATTAAAAAAGTTATAAAAATTAA,FR129664.jpg,FR129664.png,FR129664.pdf
FR131341,"",Putative conserved noncoding region (RNAz),nc_conserved_region,Homo sapiens,RNZ3846 RNAdb v2.0,60,ACCCATGGCTGGAGCACCGTCTATCCGGTTTATACCACTCACACACAGCCCTGGGAATTG,FR131341.jpg,FR131341.png,FR131341.pdf
FR132111,"",Putative conserved noncoding region (EvoFold),nc_conserved_region,Homo sapiens,EVF36111 RNAdb v2.0,60,AAATTCACAATAAAGTTTCAGAAATTGTTTTGTACAGTGTTGAGACTTTGTGTTGAATTT,FR132111.jpg,FR132111.png,FR132111.pdf
FR132154,"",Putative conserved noncoding region (EvoFold),nc_conserved_region,Homo sapiens,EVF25031 RNAdb v2.0,60,TGTCATTCTGGCAGGCCCGCGCTGCCCCAGGTATCACGGCATCGCCATCTGCACCCGACA,FR132154.jpg,FR132154.png,FR132154.pdf
FR133926,"",Putative conserved noncoding region (EvoFold),nc_conserved_region,Homo sapiens,EVF24727 RNAdb v2.0,60,TTTGGTGACCTTGTATTCGATTTGTTTGAGTCCCTTATAAAAACACTAATGCAGACCAGA,FR133926.jpg,FR133926.png,FR133926.pdf
FR134019,"",Putative conserved noncoding region (EvoFold),nc_conserved_region,Homo sapiens,EVF21915 RNAdb v2.0,60,TTAATTGAAATATGGACTACACGACTCCAATATTTATGGTATAAATCCATATTTCATTAA,FR134019.jpg,FR134019.png,FR134019.pdf
FR135021,"",Putative conserved noncoding region (RNAz),nc_conserved_region,Homo sapiens,RNZ29509 RNAdb v2.0,60,TTTCTTCAGAGTAATTTGTCAGTGTGGCAGGAATGGGTGGTCTCACAAGTCACTTTCTAA,FR135021.jpg,FR135021.png,FR135021.pdf
FR135909,AJ248286,small nucleolar RNA (snoRNA),snoRNA,Pyrococcus abyssi,u2144 NONCODE v1.0,60,GATGATGAGTGTCATCCCTGCTGAAATCGGGGTCGATGATGACGTAAATTCCCCACCTGA,FR135909.jpg,FR135909.png,FR135909.pdf
FR136794,"",Putative conserved noncoding region (EvoFold),nc_conserved_region,Homo sapiens,EVF9980 RNAdb v2.0,60,TTTAATTAATCACCCCCAGCTCAGCTCTTCCAGCTGCGACCAGCAGGGTCATTAATTAGG,FR136794.jpg,FR136794.png,FR136794.pdf
FR137075,J01416,non-protein coding (noncoding) transcript,ncRNA,Homo sapiens,"HIT000191069_01 H-invitational v5.0,HIT000191069_02 H-invitational v5.0",60,ATGGCACATGCAGCGCAAGTAGGTCTACAAGACGCTACTTCCCCTATCATAGAAGAGCTT,FR137075.jpg,FR137075.png,FR137075.pdf
FR137102,"",Putative conserved noncoding region (EvoFold),nc_conserved_region,Homo sapiens,EVF48071 RNAdb v2.0,60,TGCTTTGACAATATCATTGCACTGCTTCTCAGAGCACAGTAGTGCAACCTCGTCAGAGCA,FR137102.jpg,FR137102.png,FR137102.pdf
FR138059,"",Putative conserved noncoding region (EvoFold),nc_conserved_region,Homo sapiens,EVF41332 RNAdb v2.0,60,AGTGCAGGTTCTGCGCGAAGGTCTTTGGGAGTGACAGTGCCTTGCAGATCCACTTGCGTT,FR138059.jpg,FR138059.png,FR138059.pdf
FR139152,AJ010592,small non-messenger RNA (snmRNA),ncRNA,Guillardia theta,u1989 NONCODE v1.0,60,GCTAATGATGAAAATTTAATCCGGTTCTGCTTTTGATTAATTGATAAAATTTCTCTGACA,FR139152.jpg,FR139152.png,FR139152.pdf
FR139439,BX664610,precursor micro RNA (miRNA) mir-9,pre_miRNA,Danio rerio,RF00237 Rfam v8.1,60,CTCTTTGGTTATCTAGCTGTATGAGTTTATGTGATATCATAAAGCTAGAGAACCGAATGT,FR139439.jpg,FR139439.png,FR139439.pdf
FR141153,"",Putative conserved noncoding region (EvoFold),nc_conserved_region,Homo sapiens,EVF26525 RNAdb v2.0,60,TTTCTACCATTAAATTGAGTTCTTTAAAAATGTGACATGAAGTGCAGTTAATGATAGGAA,FR141153.jpg,FR141153.png,FR141153.pdf
FR141266,"",Putative conserved noncoding region (EvoFold),nc_conserved_region,Homo sapiens,EVF6812 RNAdb v2.0,60,TTATCTTTTAGCAGCAAAGTCATGTCCTTGTAACTGATAGACACGTTTCTTTGTAAATAA,FR141266.jpg,FR141266.png,FR141266.pdf
FR142792,"",precursor micro RNA (miRNA) mir-451,pre_miRNA,Danio rerio,MI0001732 miRBase v9.2,60,AGAGGCGGCGAAACCGTTACCATTACTGAGTTTAGTAATGGTAAGGGTTCTGCTGCCTTT,FR142792.jpg,FR142792.png,FR142792.pdf
FR143797,AF177245,guide RNA (gRNA),guide_RNA,Bodo saltans,u896 NONCODE v1.0,60,AGAGCAATTACAAAACAAACCATTAGCAGACAAAGAAACAGTAATTTTTTTTTTTTTTTT,,,
FR144238,"",Putative conserved noncoding region (EvoFold),nc_conserved_region,Homo sapiens,EVF21285 RNAdb v2.0,60,TCTTCAGCATATTTTATGCAAATAGTTGTTAAGAATAAAAATTCTAATTTCAAATGAAGA,FR144238.jpg,FR144238.png,FR144238.pdf
FR144244,"",Putative conserved noncoding region (EvoFold),nc_conserved_region,Homo sapiens,EVF16442 RNAdb v2.0,60,CTGCCCTTGAGCTGTTCCATTAGTGCATGGAAAGCACCTTGCAGCCTGTGACAAGCGCAG,FR144244.jpg,FR144244.png,FR144244.pdf
FR147060,"",Putative conserved noncoding region (EvoFold),nc_conserved_region,Homo sapiens,EVF31921 RNAdb v2.0,60,CATGTTAACATTCATTACCATATTTTAATTTCATGGTGATTAAAATTATAATGTAGCATG,FR147060.jpg,FR147060.png,FR147060.pdf
FR147240,"",Putative conserved noncoding region (RNAz),nc_conserved_region,Homo sapiens,RNZ16297 RNAdb v2.0,60,GGCCAGCTGGAGCGGGGAGTGGCCACCGCAGGATTCCTGGGTGCAGCTGAGACAGCTGGG,FR147240.jpg,FR147240.png,FR147240.pdf
FR148202,"",Putative conserved noncoding region (EvoFold),nc_conserved_region,Homo sapiens,EVF41725 RNAdb v2.0,60,CAGATGTTTCATTTATTGCAGGTTGGAGACCTTCAATCAGCCAAATGAAAGGAACATTTG,FR148202.jpg,FR148202.png,FR148202.pdf
FR150013,"",Putative conserved noncoding region (RNAz),nc_conserved_region,Homo sapiens,RNZ30243 RNAdb v2.0,60,CAGTGCTGTAGTAATTTGCACATAATTTGGGGCTGACAACAAGTTATGTGCATAGAATCA,FR150013.jpg,FR150013.png,FR150013.pdf
FR150511,AF297857,Japanese encephalitis virus (JEV) hairpin structure,mature_transcript,Kunjin virus,RF00465 Rfam v8.1,60,AGGAAGTCAGGCCGGAAAATTCCCCCCACCGGAAGTTGAGTAGACGGTGCTGCCTGCGAC,FR150511.jpg,FR150511.png,FR150511.pdf
FR151537,"",Putative conserved noncoding region (RNAz),nc_conserved_region,Homo sapiens,RNZ16243 RNAdb v2.0,60,TGAGATCTTTTCATCTCAGTGGAAGCTTCCTCTTCCATTCCCACTGGAATCTAGCCTCAC,FR151537.jpg,FR151537.png,FR151537.pdf
FR152525,AC005225,"transfer RNA (tRNA), TTT (Lys/K) Lysine",tRNA,Homo sapiens,RF00005 Rfam v8.1,60,ATAGCTCAGTTGATAGAGCATCAGACTTTTAATCTGAGGGTCCAGGGTTCATGTCCCTGT,FR152525.jpg,FR152525.png,FR152525.pdf
FR153246,L06872,non-protein coding (noncoding) transcript,ncRNA,Homo sapiens,"HIT000191734 H-invitational v5.0,HIV1045 RNAdb v2.0",60,TATGGTCAGGGAGCCCAGAAGCTGGTACTTGGCCAAGGAACCAGGCTGACTATCAAACCC,FR153246.jpg,FR153246.png,FR153246.pdf
FR153312,"",Putative conserved noncoding region (EvoFold),nc_conserved_region,Homo sapiens,EVF22294 RNAdb v2.0,60,CATTTTAAATGGCGAGAACAGTACATTAAACATGTATAAGATGTAATCTCATTTGGAATG,FR153312.jpg,FR153312.png,FR153312.pdf
FR154128,"",Putative conserved noncoding region (EvoFold),nc_conserved_region,Homo sapiens,EVF39201 RNAdb v2.0,60,TTATGAATGGAGGCGATCACGTGATCCCAGCACCTCCCCGAACTGATATTTCCCACATAA,FR154128.jpg,FR154128.png,FR154128.pdf
FR154668,"",Putative conserved noncoding region (EvoFold),nc_conserved_region,Homo sapiens,EVF47000 RNAdb v2.0,60,ATATGAGAAAGATTGACACCCACATGTCAAAGTTTACACAGCCTGACCAAGTGTACATAT,FR154668.jpg,FR154668.png,FR154668.pdf
FR155132,"",Putative conserved noncoding region (EvoFold),nc_conserved_region,Homo sapiens,EVF4732 RNAdb v2.0,60,CTCCGCCGGTGTCCGAGTCGGAGGAGGAGGAAGCGGAGGCCAGAGTTTCCTCGCCGAGAG,FR155132.jpg,FR155132.png,FR155132.pdf
FR155931,"",Putative conserved noncoding region (EvoFold),nc_conserved_region,Homo sapiens,EVF5414 RNAdb v2.0,60,TGTTTGTCTTTCTGGGATGAAGTTTGTTTTTCAAGCTCTGACAGACTGGCAAGGCAAACA,FR155931.jpg,FR155931.png,FR155931.pdf
FR156981,"",Putative conserved noncoding region (EvoFold),nc_conserved_region,Homo sapiens,EVF45363 RNAdb v2.0,60,GACAGTACTAGTTCTTACTTTAATTACTGGCTGCCGTAATGTTTCCTATCCATAACTGTC,FR156981.jpg,FR156981.png,FR156981.pdf
FR157386,"AF196539,AF208017,AF458345,AF458357,AF458359,AY532665,AY688948,L48977,M12294",Japanese encephalitis virus (JEV) hairpin structure,mature_transcript,West Nile virus,RF00465 Rfam v8.1,60,TGGAAGTCAGGCCAGATTAATGCTGCCACCGGAAGTTGAGTAGACGGTGCTGCCTGCGGC,FR157386.jpg,FR157386.png,FR157386.pdf
FR159364,"",Putative conserved noncoding region (RNAz),nc_conserved_region,Homo sapiens,RNZ36004 RNAdb v2.0,60,GTCCCAATTTACAACATTTTGTTTTTCCAGATGTTAAAGAGGTTGCCAGTGTAAGACAAA,FR159364.jpg,FR159364.png,FR159364.pdf
FR163141,"",Putative conserved noncoding region (EvoFold),nc_conserved_region,Homo sapiens,EVF12677 RNAdb v2.0,60,AGTAGCGCATGATGCGACCCAGCAGAGACAGCAAAGTCATTGTATCCTCTATCATTTATT,FR163141.jpg,FR163141.png,FR163141.pdf
FR165342,"",Putative conserved noncoding region (EvoFold),nc_conserved_region,Homo sapiens,EVF45675 RNAdb v2.0,60,CGGCCGAGAGCTGTCCCGTGATGGGCATGGTGCTAGTGTGCAGGGCGCTGGCGATGGCCG,FR165342.jpg,FR165342.png,FR165342.pdf
FR166827,"",Putative conserved noncoding region (EvoFold),nc_conserved_region,Homo sapiens,EVF30872 RNAdb v2.0,60,AAATCCATTTAAATCTCATAATGTTAAGCAGAGCTGTGTTTAATTCATTTGGACCAATTT,FR166827.jpg,FR166827.png,FR166827.pdf
FR169238,AY849606,Group II intron,group_II_intron,Parentucellia viscosa,RF00029 Rfam v8.1,60,GAAAGCCGTGTGCAATGAAAAATGCAAGCACGGTTTGGGGAGGGTTTTTCTTTATTTTAT,FR169238.jpg,FR169238.png,FR169238.pdf
FR170003,"AY372017,AY372019",Group II intron,group_II_intron,"Betula fruticosa,Betula lenta",RF00029 Rfam v8.1,60,CAAAGCCGTGTGCAATGAAAGATGCAAGCACGGCTTGGGGAGGGATTTTTTTTACCTAAT,FR170003.jpg,FR170003.png,FR170003.pdf
FR170201,"",Putative conserved noncoding region (EvoFold),nc_conserved_region,Homo sapiens,EVF18895 RNAdb v2.0,60,CAGGAGATGGATTTCATTCTTTGGCCTCGGAATGATATTGAAAAAATCGTCTGTCTCCTG,FR170201.jpg,FR170201.png,FR170201.pdf
FR171729,"",Putative conserved noncoding region (EvoFold),nc_conserved_region,Homo sapiens,EVF44434 RNAdb v2.0,60,ATTTTCATAAAATTGGAAACAATGCAGTAATAGCTTATTGTTTTGTTTTTTAAAGAAGAT,FR171729.jpg,FR171729.png,FR171729.pdf
FR172039,AY490240,Japanese encephalitis virus (JEV) hairpin structure,mature_transcript,West Nile virus,RF00465 Rfam v8.1,60,AGGAAGTCAGGCCGGAAAGTCTCCGCCACCGGAAGTTGAGTGGACGGTGCTGCCTGCGAC,FR172039.jpg,FR172039.png,FR172039.pdf
FR173129,AF297843,Japanese encephalitis virus (JEV) hairpin structure,mature_transcript,Kunjin virus,RF00465 Rfam v8.1,60,AGGAAGTCAGGCCGGAATATTCCCGCCACCGGAAGTTGAGTAGACGGTGCTGCCTGCGAC,FR173129.jpg,FR173129.png,FR173129.pdf
FR174737,"",Putative conserved noncoding region (EvoFold),nc_conserved_region,Homo sapiens,EVF20823 RNAdb v2.0,60,TTAATTATTTGCATGAATAATATCATTATGTATTCATGCCAATACAATTCTGATAATTAA,FR174737.jpg,FR174737.png,FR174737.pdf
FR176271,"",Putative conserved noncoding region (EvoFold),nc_conserved_region,Homo sapiens,EVF38901 RNAdb v2.0,60,GTTTGTTTACACACGTGCAATTTGTTTGTGCTTCTAATATTTATTGCTTTATAAATAAAC,FR176271.jpg,FR176271.png,FR176271.pdf
FR177076,"",Putative conserved noncoding region (EvoFold),nc_conserved_region,Homo sapiens,EVF47652 RNAdb v2.0,60,AGTAATTGTACATAACTTTTGGCACATGACATAGAAATGGCTATGTAAACTATAATTATT,FR177076.jpg,FR177076.png,FR177076.pdf
FR177628,"",Putative conserved noncoding region (RNAz),nc_conserved_region,Homo sapiens,RNZ9222 RNAdb v2.0,60,GGCCTGGGATCCTGAAAGGACCTTGGGTGGTAAAACTGGCCTTGGCTGGATTGAGGGTTT,FR177628.jpg,FR177628.png,FR177628.pdf
FR177649,"",Putative conserved noncoding region (EvoFold),nc_conserved_region,Homo sapiens,EVF18872 RNAdb v2.0,60,GTCTGTATTATAATAAGCAAAAAGATTGTGTGTATGTATGTTTAATATAACATGACAGGC,FR177649.jpg,FR177649.png,FR177649.pdf
FR179104,"",Putative conserved noncoding region (RNAz),nc_conserved_region,Homo sapiens,RNZ5395 RNAdb v2.0,60,TAGGGCAGCTGGAGAGGCAGGAGGATAATCTCCTAAATGCCTCCTGAAGCTGATTATAGG,FR179104.jpg,FR179104.png,FR179104.pdf
FR179924,"",Putative conserved noncoding region (EvoFold),nc_conserved_region,Homo sapiens,EVF39169 RNAdb v2.0,60,ATTTCACTTCTTTGTAATTGACAAGCTCTTGCTGGGTGTCAACTTTAAAAGATGACAAAT,FR179924.jpg,FR179924.png,FR179924.pdf
FR181833,"",Putative conserved noncoding region (EvoFold),nc_conserved_region,Homo sapiens,EVF39063 RNAdb v2.0,60,CTTTGCATATAAGATAATTTGGGCATCAATCGTATTCTGACAGATTTATGTCACTCAAAG,FR181833.jpg,FR181833.png,FR181833.pdf
FR182611,"",Putative conserved noncoding region (EvoFold),nc_conserved_region,Homo sapiens,EVF16000 RNAdb v2.0,60,ATTGATGTATCTGTCCTCTGAGGTTTTCAGAGAGGCATTATGGCATTTTAAAATATTAAT,FR182611.jpg,FR182611.png,FR182611.pdf
FR182848,"",Putative conserved noncoding region (EvoFold),nc_conserved_region,Homo sapiens,EVF18120 RNAdb v2.0,60,TTTCTTCAAATATGATGTTAACTTAATGGAATATATTATGAAAAATCATGTTTGAGGAAA,FR182848.jpg,FR182848.png,FR182848.pdf
FR183148,"",Putative conserved noncoding region (EvoFold),nc_conserved_region,Homo sapiens,EVF25346 RNAdb v2.0,60,GAGAGCTGTAAAATGTTTACAGAAAGGGTCGTTTGCAGCCATAAAATCCTCTTTTCTCTC,FR183148.jpg,FR183148.png,FR183148.pdf
FR185304,"",Putative conserved noncoding region (EvoFold),nc_conserved_region,Homo sapiens,EVF4605 RNAdb v2.0,60,TGACCGATTTCTCCTGGTGTTCAGAGTCTGTTTTTGTCTAGCACCATTTGAAATCGGTTA,FR185304.jpg,FR185304.png,FR185304.pdf
FR185426,"",Putative conserved noncoding region (RNAz),nc_conserved_region,Homo sapiens,RNZ20278 RNAdb v2.0,60,TTAAAAAAATCAACACCATATTCTTGCCATAGAGATAAGAAAAGTGGTGATGAACCAGCC,FR185426.jpg,FR185426.png,FR185426.pdf
FR186731,"AB185914,AB185915,AB185916,AB185917,AF196835,AF202541,AF206518,AF260967,AF404753,AF404754,AF404755,AF404756,AF458360,AF458361,AF481864,AF533540,AY187012,AY187013,AY187014,AY187015,AY268133,AY289214,AY646354,AY660002,AY712945,AY712946,AY712947,AY712948,AY795965,AY842931",Japanese encephalitis virus (JEV) hairpin structure,mature_transcript,"West Nile virus,West Nile virus strain 385-99",RF00465 Rfam v8.1,60,AGAAAGTCAGGCCGGGAAGTTCCCGCCACCGGAAGTTGAGTAGACGGTGCTGCCTGCGAC,FR186731.jpg,FR186731.png,FR186731.pdf
FR187490,"",Putative conserved noncoding region (EvoFold),nc_conserved_region,Homo sapiens,EVF30443 RNAdb v2.0,60,GTGGTTATGAGTGGAAAAATGAGTGTTTCCAAAGCTCAGAGTATTTATGGGATTCCCCAC,FR187490.jpg,FR187490.png,FR187490.pdf
FR187593,"",Putative conserved noncoding region (EvoFold),nc_conserved_region,Homo sapiens,EVF39451 RNAdb v2.0,60,TTGAGACTTTTAGGCACTAATAATAATTAACTACATTCTTAGCAATGAAAAAAGTCTTAA,FR187593.jpg,FR187593.png,FR187593.pdf
FR188537,S77856,non-protein coding (noncoding) transcript,ncRNA,Homo sapiens,"HIT000216763 H-invitational v5.0,HIV2643 RNAdb v2.0",60,CTTTGCTACCAGGACTTGCTGGCCCCTCTGGGGAGATGGTTAAATCCACAACAAGTCTGA,FR188537.jpg,FR188537.png,FR188537.pdf
FR189504,AF458346,Japanese encephalitis virus (JEV) hairpin structure,mature_transcript,West Nile virus,RF00465 Rfam v8.1,60,TGGAAGTCAGGCCAGACAAATGCTGCCACCGGAAGTTGAGTAGACGGTGCTGCCTGCGAC,FR189504.jpg,FR189504.png,FR189504.pdf
FR192303,"",Putative conserved noncoding region (RNAz),nc_conserved_region,Homo sapiens,RNZ30258 RNAdb v2.0,60,TGTTCTTTCCTAGCACAGTCATGCACTGTTTTACCTCAGTCATGTGGCTTTAACTGAGGA,FR192303.jpg,FR192303.png,FR192303.pdf
FR193826,"","",nc_conserved_region,Homo sapiens,RNS1404 RNAdb v2.0,60,GGGTCAGAGTGTTATCCTAAAACGAAGGAACGCAGTGCCTGAGATGTAAACACTCGGTCC,FR193826.jpg,FR193826.png,FR193826.pdf
FR198034,"",Putative conserved noncoding region (EvoFold),nc_conserved_region,Homo sapiens,EVF26722 RNAdb v2.0,60,TTTTTTAATTTAAATGCTAATGCACTGAATTAAAATTTAATAACTGAGGAAATTGAAAAG,FR198034.jpg,FR198034.png,FR198034.pdf
FR198745,"",Putative conserved noncoding region (EvoFold),nc_conserved_region,Homo sapiens,EVF45442 RNAdb v2.0,60,TTGATTTAATTGTCTGTCTTTTGACAGGCACATATATCATTGGCTTTAATGGTCAATCAA,FR198745.jpg,FR198745.png,FR198745.pdf
FR200396,"",Putative conserved noncoding region (RNAz),nc_conserved_region,Homo sapiens,RNZ8639 RNAdb v2.0,60,TTTAATAACCTTCAGGATGGTAAATTCAGCCTCTGAGAATGAACTGAGAAAGTGATTTGG,FR200396.jpg,FR200396.png,FR200396.pdf
FR200844,"",Putative conserved noncoding region (EvoFold),nc_conserved_region,Homo sapiens,EVF26114 RNAdb v2.0,60,TTCCTGCTTTTGGCTAATTTCTGGGCCATCTGCTTAGCATGGAACAAACAGAGACAGGAG,FR200844.jpg,FR200844.png,FR200844.pdf
FR201417,"",Putative conserved noncoding region (EvoFold),nc_conserved_region,Homo sapiens,EVF41440 RNAdb v2.0,60,TTTTGTTTTGCAACAGCTGTTATTATCGTTTTTGGTCAGCTGTGATTGCTGGAGGCAAAA,FR201417.jpg,FR201417.png,FR201417.pdf
FR202117,"",Putative conserved noncoding region (RNAz),nc_conserved_region,Homo sapiens,RNZ33236 RNAdb v2.0,60,TGCCTATGGTACACTGCTCTGCAGTGACCCCTTCTGGATGAGTCAGAAAGTACATCTCTG,FR202117.jpg,FR202117.png,FR202117.pdf
FR203541,"",Putative conserved noncoding region (EvoFold),nc_conserved_region,Homo sapiens,EVF45361 RNAdb v2.0,60,TTTACATGTGTGCTAATTAGAGTGGAATAAATGATTGGCTGTTTGCTGCATTGCCATAAA,FR203541.jpg,FR203541.png,FR203541.pdf
FR204192,"",Putative conserved noncoding region (EvoFold),nc_conserved_region,Homo sapiens,EVF35139 RNAdb v2.0,60,TTGATTAATTAGGTTTGTAAGTATTGTTTCAGAACCAAACAATATTTCTAAAGATTTCAA,FR204192.jpg,FR204192.png,FR204192.pdf
FR207646,"",Putative conserved noncoding region (EvoFold),nc_conserved_region,Homo sapiens,EVF32479 RNAdb v2.0,60,ATAAAATTAATTATCCAAAAAATAATCAATACCACATTAATGAATTCTGATGTGTTTTAT,FR207646.jpg,FR207646.png,FR207646.pdf
FR207887,AY765264,Japanese encephalitis virus (JEV) hairpin structure,mature_transcript,West Nile virus,RF00465 Rfam v8.1,60,AAGAAGTCAGGCCAGCTTTAAGCTGCCACCGGATGTCGAGTAGACGGTGCTGCCTGCAGC,FR207887.jpg,FR207887.png,FR207887.pdf
FR208494,"",Putative conserved noncoding region (EvoFold),nc_conserved_region,Homo sapiens,EVF9492 RNAdb v2.0,60,GTTTTAAAACGCTGGCCTGATAGCGTTGGCTTTTGCTGCTTTTGATTATTCATAAAAGAC,FR208494.jpg,FR208494.png,FR208494.pdf
FR208664,"",Putative conserved noncoding region (EvoFold),nc_conserved_region,Homo sapiens,EVF10598 RNAdb v2.0,60,TCTTTAATTAGGTGTCTTTGCATTGCTGCAAGCTTATGCTTTCTTGCAGTATCTGAGAGA,FR208664.jpg,FR208664.png,FR208664.pdf
FR211502,AY708047,Flavivirus DB element,mature_transcript,Dengue virus type 1,RF00525 Rfam v8.1,60,GGCCCAACACCAGGGGAAGCTGTACCCTGGTGGTAAGGACTAGAGGTTAGAGGAGACCCC,FR211502.jpg,FR211502.png,FR211502.pdf
FR211740,S57442,non-protein coding (noncoding) transcript,ncRNA,Homo sapiens,HIT000215848 H-invitational v5.0,60,AGTCTCACTCACATCACAGCCCTCAACAAAGTCGTGGACTCAGCAGTATACTTCTGTGCT,FR211740.jpg,FR211740.png,FR211740.pdf
FR211815,"",Putative conserved noncoding region (RNAz),nc_conserved_region,Homo sapiens,RNZ12850 RNAdb v2.0,60,GACCTCCCGCTTCTGCTGAAGCTGTCAAGCCGCTTTCTTGACAGTTGGCCAGACTGGCTT,FR211815.jpg,FR211815.png,FR211815.pdf
FR212602,"",Putative conserved noncoding region (RNAz),nc_conserved_region,Homo sapiens,RNZ24405 RNAdb v2.0,60,AAGCCTGAGTCAGAGCTGAACTTCTCAAAGTTCTTTTTCAGACTTGGGATTCTGTGGTAT,FR212602.jpg,FR212602.png,FR212602.pdf
FR213053,"",Putative conserved noncoding region (EvoFold),nc_conserved_region,Homo sapiens,EVF17705 RNAdb v2.0,60,TGCGATGTACTTAAACTATTGTCGTGGGCTACGCTTTGAGGAAGCCCCAGATTACATGTA,FR213053.jpg,FR213053.png,FR213053.pdf
FR213414,"",Putative conserved noncoding region (RNAz),nc_conserved_region,Homo sapiens,RNZ7434 RNAdb v2.0,60,GAAGCTCATTAGTAGCAGCTGAAAGTAATTAGAGGGTTAATTAAAACACAGTAATGAGGT,FR213414.jpg,FR213414.png,FR213414.pdf
FR216354,AY857032,HIV gag stem loop 3 (GSL3),mature_transcript,Human immunodeficiency virus 1,RF00376 Rfam v8.1,60,AAAATATAGATTAAAACATATAGTATGGGCAAGCAGGGAGCTAGAACGATTCGCGGTTAA,,,
FR218944,"",Putative conserved noncoding region (EvoFold),nc_conserved_region,Homo sapiens,EVF19242 RNAdb v2.0,60,TTTGTAAATCTTTTTACACCTTGTTTTTGTAAGCAAAAGTTTCTTATTAAAAGAATAAAA,FR218944.jpg,FR218944.png,FR218944.pdf
FR220082,"",Putative conserved noncoding region (EvoFold),nc_conserved_region,Homo sapiens,EVF22712 RNAdb v2.0,60,TAATAAACAGTCAGTGTTCCATGAAGGAGCAATGCCATCCTTGTGATATGATATTTATTA,FR220082.jpg,FR220082.png,FR220082.pdf
FR221685,"",Putative conserved noncoding region (EvoFold),nc_conserved_region,Homo sapiens,EVF9925 RNAdb v2.0,60,TAAGTATTTTGTTACCATAAGTCTTCATTTTTTTATGGTGATGATAATTGAAAATGTTTA,FR221685.jpg,FR221685.png,FR221685.pdf
FR221852,"",Putative conserved noncoding region (EvoFold),nc_conserved_region,Homo sapiens,EVF40914 RNAdb v2.0,60,CTTACGTGGAATCAGATTCAGCATTGCACTGGAGAAAGAATCCTACGCTTTTTTGGTGTG,FR221852.jpg,FR221852.png,FR221852.pdf
FR221883,"",Putative conserved noncoding region (EvoFold),nc_conserved_region,Homo sapiens,EVF20908 RNAdb v2.0,60,TTTAAATAATTCTATATGGGTGTCTTGTTGTGATAAAAGATTATCTAGAATTCTATTAAA,FR221883.jpg,FR221883.png,FR221883.pdf
FR223285,"",Putative conserved noncoding region (EvoFold),nc_conserved_region,Homo sapiens,EVF42171 RNAdb v2.0,60,CTGAATTGGTTTTATGAGATAAAACTCTGAAGTTGATAACTGCATTTAGGAATAGTTCAG,FR223285.jpg,FR223285.png,FR223285.pdf
FR223824,AY278441,Japanese encephalitis virus (JEV) hairpin structure,mature_transcript,West Nile virus,RF00465 Rfam v8.1,60,AGGAAGTCAGGCCGGGAAGTTCCCGCCACCGGAAGTTGAGTAGACGGTGCTGCCTGCGAC,FR223824.jpg,FR223824.png,FR223824.pdf
FR227277,"",Putative conserved noncoding region (EvoFold),nc_conserved_region,Homo sapiens,EVF42645 RNAdb v2.0,60,CGGCCAGCGTGTCTATCATGGGAAGCGACCCCAAGGTCCGGCCGGGTGCAGTGGATGTTG,FR227277.jpg,FR227277.png,FR227277.pdf
FR230030,"",Putative conserved noncoding region (EvoFold),nc_conserved_region,Homo sapiens,EVF20718 RNAdb v2.0,60,ACATTTGATGAAATCTTGATTAGGCCACACAAAGCATGATATTTGGGAAACATCAAGTGT,FR230030.jpg,FR230030.png,FR230030.pdf
FR230162,"","",nc_conserved_region,Homo sapiens,RNS1433 RNAdb v2.0,60,CATGGACCTGCTCCTGTGTCATGTCTGGGCACAGAAGTCTGTGACAAGAATGGCAAGCCC,FR230162.jpg,FR230162.png,FR230162.pdf
FR232912,"",Putative conserved noncoding region (RNAz),nc_conserved_region,Homo sapiens,RNZ32208 RNAdb v2.0,60,GAACTTCCCCTAATAAAAGGGCCTTGGAAACCTCAAACCTGGGTTTCTGACTTGAACTAG,FR232912.jpg,FR232912.png,FR232912.pdf
FR233854,"",Putative conserved noncoding region (EvoFold),nc_conserved_region,Homo sapiens,EVF15608 RNAdb v2.0,60,GAACCAGGTGGAGACCTGCGTGAGGGTCATCTTGGTGATGATGGCCAGCATGATCTTCTC,FR233854.jpg,FR233854.png,FR233854.pdf
FR234920,AY326409,Flavivirus DB element,mature_transcript,Uganda S virus,RF00525 Rfam v8.1,60,GCCTGAAGGCAAATCAGTTCACTGGATTTGCTGTTAAGGACTAGAGGTTAGAAGGGACCC,FR234920.jpg,FR234920.png,FR234920.pdf
FR237386,AY701413,Japanese encephalitis virus (JEV) hairpin structure,mature_transcript,West Nile virus,RF00465 Rfam v8.1,60,AGGAAGTCAGGCCGGAGAATTTCCGCCACCGGAAGTTGAGTAGACGGTGCTGCCTGCGAC,FR237386.jpg,FR237386.png,FR237386.pdf
FR238994,"",Putative conserved noncoding region (EvoFold),nc_conserved_region,Homo sapiens,EVF16454 RNAdb v2.0,60,CCATGGAGTTGGGCGGCGGACCGGCCGCCAGGCTGCACTGGGACAGCGACTGCGCCATGG,FR238994.jpg,FR238994.png,FR238994.pdf
FR239114,X58751,non-protein coding (noncoding) transcript,ncRNA,Homo sapiens,"HIT000322254 H-invitational v5.0,HIV1104 RNAdb v2.0",60,TAGATACTGGAGGCTTCAAAACTATCTTTGGAGCAGGAACAAGACTATTTGTTAAAGCAA,FR239114.jpg,FR239114.png,FR239114.pdf
FR240765,X58753,non-protein coding (noncoding) transcript,ncRNA,Homo sapiens,"HIT000322256 H-invitational v5.0,HIV1106 RNAdb v2.0",60,ATGGAGGAAGCCAAGGAAATCTCATCTTTGGAAAAGGCACTAAACTCTCTGTTAAACCAA,FR240765.jpg,FR240765.png,FR240765.pdf
FR240961,"",Putative conserved noncoding region (EvoFold),nc_conserved_region,Homo sapiens,EVF44831 RNAdb v2.0,60,TAATTTTTATATCTCATTTTACCTCTGTAATTAAGACAGGTCTGGTAGGTATTTAAATTA,FR240961.jpg,FR240961.png,FR240961.pdf
FR242607,AF174941,HIV gag stem loop 3 (GSL3),mature_transcript,Human immunodeficiency virus 1,RF00376 Rfam v8.1,60,AACATATAAACTAAAACATATAGTATGGGCAAGCAGGGAGCTAGAACGATTCGCAGTTAA,,,
FR242669,AL928863,"transfer RNA (tRNA), GTT (Asn/N) Asparagine",tRNA,Danio rerio,RF00005 Rfam v8.1,60,GGCGCAATCGGTTAGCGCGTTCGGCTGTTAACCGAAAGGTTGGTGGTTCGAGCCCACCCA,FR242669.jpg,FR242669.png,FR242669.pdf
FR245053,"AF458343,AF458348",Japanese encephalitis virus (JEV) hairpin structure,mature_transcript,West Nile virus,RF00465 Rfam v8.1,60,AGGAAGTCAGGCCGGGAAGTTTCCGCCACCGGAAGTTGAGTAGACGGTGCTGCCTGCGAC,FR245053.jpg,FR245053.png,FR245053.pdf
FR245162,"",Putative conserved noncoding region (EvoFold),nc_conserved_region,Homo sapiens,EVF47975 RNAdb v2.0,60,GGAGTAACCTATCGAGCTTTTGCTGGAGGATGTTATAAATGAAAATTTAGTGTCCATTCC,FR245162.jpg,FR245162.png,FR245162.pdf
FR245552,AY353719,Tymovirus / Pomovirus tRNA-like 3' untraslated region (UTR) element,three_prime_UTR,Potato mop-top virus,RF00233 Rfam v8.1,60,AGAGCGGCCAGTTGCTGCTGCGATCAAGACACGATCGTTCAAAAGGGTGCAACTCCCCCC,FR245552.jpg,FR245552.png,FR245552.pdf
FR245813,AF260969,Japanese encephalitis virus (JEV) hairpin structure,mature_transcript,West Nile virus,RF00465 Rfam v8.1,60,AGGAAGTCAGGCCGGAAAATTTCCGCCACCGGAAGTTGAGTAGACGGTGCTGCCTGCGGC,FR245813.jpg,FR245813.png,FR245813.pdf
FR245976,"",Putative conserved noncoding region (EvoFold),nc_conserved_region,Homo sapiens,EVF43051 RNAdb v2.0,60,GCCTTCACAGCATTTCAGATGCTGTTGGACTTCATGTCCCCAACCTAGCTTGGTGAGGGC,FR245976.jpg,FR245976.png,FR245976.pdf
FR250142,"",Putative conserved noncoding region (RNAz),nc_conserved_region,Homo sapiens,RNZ23658 RNAdb v2.0,60,TTATTTGATCCTCCTAAGTGAGAGCAAGTATTATACTGTTTCCCCTCATTCTTGTGCCAA,FR250142.jpg,FR250142.png,FR250142.pdf
FR251446,"",Putative conserved noncoding region (EvoFold),nc_conserved_region,Homo sapiens,EVF32080 RNAdb v2.0,60,AGAGATCTATTATTTGATTTGGTAACACCAAGTGCTTCTTTTCTAAATCATGTAATCTCT,FR251446.jpg,FR251446.png,FR251446.pdf
FR251800,"",Putative conserved noncoding region (EvoFold),nc_conserved_region,Homo sapiens,EVF29554 RNAdb v2.0,60,TATTGTCATAGAAAATAATAATTTCTGTAAAAAAAATCTGCACAAAATCTTATGATGGTA,FR251800.jpg,FR251800.png,FR251800.pdf
FR251925,"",Putative conserved noncoding region (EvoFold),nc_conserved_region,Homo sapiens,EVF47427 RNAdb v2.0,60,CTCACGTGTCCAGAAAGGCGCCGTCTGCCAGTGCTGGTTGTCGTGGGTGAAGCACGTGAG,FR251925.jpg,FR251925.png,FR251925.pdf
FR252838,"",Putative conserved noncoding region (EvoFold),nc_conserved_region,Homo sapiens,EVF8895 RNAdb v2.0,60,TGCCCTTGGCCGTGCCGTTGCTCAGCTTGATCTTCTCGGTGTTGAAGCCGATGGTGGGCA,FR252838.jpg,FR252838.png,FR252838.pdf
FR255684,AJ716203,Unagi (eel) L2 (UnaL2) LINE 3' element,mature_transcript,Oncorhynchus mykiss,RF00436 Rfam v8.1,60,CACTCACTGTACTGTAAGTTGCTGTCGCTTTGGATAAAATCGTCTGCTATGTGGCATATA,FR255684.jpg,FR255684.png,FR255684.pdf
FR256697,"",Putative conserved noncoding region (EvoFold),nc_conserved_region,Homo sapiens,EVF1022 RNAdb v2.0,60,TTTAATTTTAAAGTCAGTGTACTGCAAGGAAGCTGGATGCAAGATAGATACTATATTAAA,FR256697.jpg,FR256697.png,FR256697.pdf
FR257004,"",Putative conserved noncoding region (EvoFold),nc_conserved_region,Homo sapiens,EVF44809 RNAdb v2.0,60,ATTAATATTAAGCATTTTGTACAGCACTTTCTGTTTGCAAAGTGCTTTACAATCATTAAT,FR257004.jpg,FR257004.png,FR257004.pdf
FR257109,AF051992,Group II intron,group_II_intron,Orobanche caryophyllacea,RF00029 Rfam v8.1,60,GAAAGCCGTGTGCAGTGAAAACTGCAAGCACGGCTTGGGGAGGGATTTTCTTTATTTAAC,FR257109.jpg,FR257109.png,FR257109.pdf
FR257996,"",Putative conserved noncoding region (EvoFold),nc_conserved_region,Homo sapiens,EVF6290 RNAdb v2.0,60,ATTATTTTTAGCATGGCTTTTATTGTACTCATTGTTACATACATAAATCTTTAAAGTAAT,FR257996.jpg,FR257996.png,FR257996.pdf
FR261174,"",Putative conserved noncoding region (EvoFold),nc_conserved_region,Homo sapiens,EVF1198 RNAdb v2.0,60,CATGGATGCTGTGGAAAAATGGCCAGGGCGTTGATTCTCAGAGGCTAGCAAGTATCTATG,FR261174.jpg,FR261174.png,FR261174.pdf
FR264732,"",Putative conserved noncoding region (RNAz),nc_conserved_region,Homo sapiens,RNZ1323 RNAdb v2.0,60,AGGGATCCAAGAAGAGGCATGATCCCAGTTCCCAACTATTTGAAAATTGGAAACGCCAAA,FR264732.jpg,FR264732.png,FR264732.pdf
FR266203,"",Putative conserved noncoding region (RNAz),nc_conserved_region,Homo sapiens,RNZ7444 RNAdb v2.0,60,GGAGGAACAGGGAGCCTCCTCCTCCATGAGCACTTACAGAATTGTGTAAAATTCTGTGAA,FR266203.jpg,FR266203.png,FR266203.pdf
FR268177,"","",nc_conserved_region,Homo sapiens,RNS1650 RNAdb v2.0,60,CGGCGCCGCGGGCTGGTCGGCCTCCTTCTAGCGACCCCCGGCCCCTCCCCGTGGCCGCTG,FR268177.jpg,FR268177.png,FR268177.pdf
FR268223,"",precursor micro RNA (miRNA) mir-338-2,pre_miRNA,Xenopus tropicalis,MI0004954 miRBase v9.2,60,CAACAATATCCTGATGCCGTCTGAGTGTGCGGGAAAGCTCCAGCATCAGTGATTTTGTTG,FR268223.jpg,FR268223.png,FR268223.pdf
FR268599,"",Putative conserved noncoding region (RNAz),nc_conserved_region,Homo sapiens,RNZ31873 RNAdb v2.0,60,TGTGAGGGGGTGGGAGGTGTCCTCAGGAAACTGAAGGAGATGAGGGCTTCTGGGACCTTC,,,
FR269559,"",Putative conserved noncoding region (EvoFold),nc_conserved_region,Homo sapiens,EVF26889 RNAdb v2.0,60,CTGTTTGCAAGACCTGCTTGAATAAACTTCATCGAAAAGCTTGTCCTTTTGACCAGACTG,FR269559.jpg,FR269559.png,FR269559.pdf
FR270017,"",Putative conserved noncoding region (RNAz),nc_conserved_region,Homo sapiens,RNZ12744 RNAdb v2.0,60,CCTGGTCCAGGACCTCTGGCGAGGTCAGGCCTGGATCTGATTAGACAGGCTCCAGGGGGA,FR270017.jpg,FR270017.png,FR270017.pdf
FR271228,"AF017254,AF260968,AF458344,AF458355",Japanese encephalitis virus (JEV) hairpin structure,mature_transcript,West Nile virus,RF00465 Rfam v8.1,60,AGGAAGTCAGGCCGGAAAGTTTCCGCCACCGGAAGTTGAGTAGACGGTGCTGCCTGCGAC,FR271228.jpg,FR271228.png,FR271228.pdf
FR271332,"",Putative conserved noncoding region (RNAz),nc_conserved_region,Homo sapiens,RNZ16679 RNAdb v2.0,60,GGCAAAGACACATGGTGGTGCAACCTGTATTAACAGATTGCTTAATCCATATGTCGTGAG,FR271332.jpg,FR271332.png,FR271332.pdf
FR273485,M13192,non-protein coding (noncoding) transcript,ncRNA,Homo sapiens,"HIT000194207 H-invitational v5.0,HIV2713 RNAdb v2.0",60,GGGATGAGTGCCTTGGGAGCTGTCATTGCCCTCCTGCTCTGGGGACAGCTTTTTGCAGTG,FR273485.jpg,FR273485.png,FR273485.pdf
FR274504,"",Putative conserved noncoding region (RNAz),nc_conserved_region,Homo sapiens,RNZ10444 RNAdb v2.0,60,TGTACAGATGTGTATAATTACTGCCTTGCTTCGCTTGAATAGAAGCCATCTGTTTATCTT,FR274504.jpg,FR274504.png,FR274504.pdf
FR274683,"",Putative conserved noncoding region (RNAz),nc_conserved_region,Homo sapiens,RNZ6529 RNAdb v2.0,60,CCAAAGCAGCAGCTAATTTAACAGCTTTGGCTTGGTCAATAATGTTGACCAGTAGGAAAA,FR274683.jpg,FR274683.png,FR274683.pdf
FR275221,"",Putative conserved noncoding region (EvoFold),nc_conserved_region,Homo sapiens,EVF38955 RNAdb v2.0,60,ATTTGGTAACTAATACCAGCAATTAGCCTCATCTGCTATGTAAATGAGTGTAATTGCAAT,FR275221.jpg,FR275221.png,FR275221.pdf
FR275629,"",Putative conserved noncoding region (RNAz),nc_conserved_region,Homo sapiens,RNZ23977 RNAdb v2.0,60,ACTCCTTTAGGAGGCCAATTGGCCTGAGCCCAGCCCTCAGGTACGTGTGGTTAAATCATC,FR275629.jpg,FR275629.png,FR275629.pdf
FR276295,"",Putative conserved noncoding region (RNAz),nc_conserved_region,Homo sapiens,RNZ26810 RNAdb v2.0,60,ATAACCCCACCCTTCACATCCACCCTGGCTTGGCATTTTTAATGTCTGTGGGATTTTCCA,FR276295.jpg,FR276295.png,FR276295.pdf
FR276326,"",Putative conserved noncoding region (EvoFold),nc_conserved_region,Homo sapiens,EVF42029 RNAdb v2.0,60,GGGTTCGGGCTGTCCGGATGGTCCGGATCAGCTCCCGCAATCTGATGGGGGCTGGCATCC,FR276326.jpg,FR276326.png,FR276326.pdf
FR279821,"",precursor micro RNA (miRNA) mir-M1-7,pre_miRNA,Murid herpesvirus 4,MI0001675 miRBase v9.2,60,AAAGGTGGAGGTGCGGTAACCTCCTAAGATTACTGTTGGGATATCGCGCCCACCTTTATT,FR279821.jpg,FR279821.png,FR279821.pdf
FR280191,"",Putative conserved noncoding region (RNAz),nc_conserved_region,Homo sapiens,RNZ14629 RNAdb v2.0,60,GGTTGCCATGGTAACCGTGTTTCACAGCAGGAGTTCGTTTTCATATGACAGTGACCTGCA,FR280191.jpg,FR280191.png,FR280191.pdf
FR280729,"",precursor micro RNA (miRNA) mir-M1-5,pre_miRNA,Murid herpesvirus 4,MI0001673 miRBase v9.2,60,CAGAGTTGAGATCGGGTCGTCTCCCCCTGGCGGAAGGAGGCAAACCCGAGCTCCTCCTTC,FR280729.jpg,FR280729.png,FR280729.pdf
FR281112,"",Putative conserved noncoding region (EvoFold),nc_conserved_region,Homo sapiens,EVF45824 RNAdb v2.0,60,CTGGACAGGCAGAAATGCCTTGCTGCCTTGGCGTCCCTCCGACACGCCAAGTGGTTCCAG,FR281112.jpg,FR281112.png,FR281112.pdf
FR282228,"",Putative conserved noncoding region (RNAz),nc_conserved_region,Homo sapiens,RNZ1234 RNAdb v2.0,60,TGAGGGCTCATGCTCTCTGTGGTTTGAGAGCCGGGCAGTCAGTGGTGTTCTCCAGCTGGC,FR282228.jpg,FR282228.png,FR282228.pdf
FR284282,"",Putative conserved noncoding region (EvoFold),nc_conserved_region,Homo sapiens,EVF33342 RNAdb v2.0,60,GACATACAGGTAATTGCATAGCTCATTAAAAAACTGTTTTAATTATTAATTGACCGTGTC,FR284282.jpg,FR284282.png,FR284282.pdf
FR284637,"AF448214,AF448216",HIV gag stem loop 3 (GSL3),mature_transcript,Human immunodeficiency virus 1,RF00376 Rfam v8.1,60,ACACTATATGCTAAAACATCTAGTATGGGCAAGCAGGGAGCTGGAAAGATTTGCACTTAA,,,
FR284804,"",Putative conserved noncoding region (RNAz),nc_conserved_region,Homo sapiens,RNZ16157 RNAdb v2.0,60,AGGCTCTCACCTGAACAGGTGAGCTTTGAGTGAGGAGGGCGCCCCTTCCCCTGGGGATCC,FR284804.jpg,FR284804.png,FR284804.pdf
FR285426,AF174976,HIV gag stem loop 3 (GSL3),mature_transcript,Human immunodeficiency virus 1,RF00376 Rfam v8.1,60,GATATAAATTAAAACATATAGTATGGGCAAGCAGGGAACTAGAACGATTCGCAGTTAATC,FR285426.jpg,FR285426.png,FR285426.pdf
FR286664,"",Putative conserved noncoding region (EvoFold),nc_conserved_region,Homo sapiens,EVF26755 RNAdb v2.0,60,ATATAAAAATGTAAATAGTAAACTTTATTTATTAAGAATGTCATCTTTTTTAATTTATAT,FR286664.jpg,FR286664.png,FR286664.pdf
FR289362,"",Putative conserved noncoding region (RNAz),nc_conserved_region,Homo sapiens,RNZ1400 RNAdb v2.0,60,CTGTTTTATAATCATTTCTTTCTTTCCTGCAGGAGCCTGGATGGCCATCTTTCTTCTGAT,FR289362.jpg,FR289362.png,FR289362.pdf
FR290767,"",Putative conserved noncoding region (RNAz),nc_conserved_region,Homo sapiens,RNZ27770 RNAdb v2.0,60,CAGCCCAGGCAGGGACTCTGGGCCCCCCGCCCAGAGTAGAACTCAATGCTGCCCCTTGTC,FR290767.jpg,FR290767.png,FR290767.pdf
FR291559,"",Putative conserved noncoding region (EvoFold),nc_conserved_region,Homo sapiens,EVF3434 RNAdb v2.0,60,TTAAAATTAATTTTGAGGAAAGGTCATTTAGTTAAGGATTTATCAGAATTAGTCATTTAA,FR291559.jpg,FR291559.png,FR291559.pdf
FR292416,"",Putative conserved noncoding region (RNAz),nc_conserved_region,Homo sapiens,RNZ11140 RNAdb v2.0,60,GTTAAGTATCCAAGTGTCCAGATGTTTTAAGAAATTCTCAGATAACTAGAGATTACATAA,FR292416.jpg,FR292416.png,FR292416.pdf
FR293384,"",Putative conserved noncoding region (EvoFold),nc_conserved_region,Homo sapiens,EVF24664 RNAdb v2.0,60,AATGTCTTCTTCTGTGCTTGATGTGCCTAATTATGTCAGCACCAGCTGGAAGGAGATATT,FR293384.jpg,FR293384.png,FR293384.pdf
FR293846,"","",nc_conserved_region,Mus musculus,RNS3247 RNAdb v2.0,60,CAGAGTTCTCTTGAGTGGGGAGCACCCACATAGAGAACTTAGAGCCTCAGCCTCACCTCT,FR293846.jpg,FR293846.png,FR293846.pdf
FR293851,"",Putative conserved noncoding region (EvoFold),nc_conserved_region,Homo sapiens,EVF8303 RNAdb v2.0,60,GTTTAATAACTATTTTAGATCATCAGGATAATGTTTAGTGTTCTAGGATAATTATTAAAC,FR293851.jpg,FR293851.png,FR293851.pdf
FR294514,"",Putative conserved noncoding region (EvoFold),nc_conserved_region,Homo sapiens,EVF5832 RNAdb v2.0,60,ATAAATACTTTTGGAAATTCATTGAACATTTTAATGAATTAAAAGTTATGAAATATTTAT,FR294514.jpg,FR294514.png,FR294514.pdf
FR294870,AY245426,"transfer RNA (tRNA), TCT (Arg/R) Arginine",tRNA,Magnaporthe grisea,RF00005 Rfam v8.1,60,TTTAGTTTAATGGTAGAACAATGATCTTCTAATTCATTGGTTTTAGTTCGATTCTAAAAA,FR294870.jpg,FR294870.png,FR294870.pdf
FR294945,"AF458347,AY603654",Japanese encephalitis virus (JEV) hairpin structure,mature_transcript,West Nile virus,RF00465 Rfam v8.1,60,AGGAAGTCAGGCCGGAAAGTCTCCGCCACCGGAAGTTGAGTAGACGGTGCTGCCTGCGAC,FR294945.jpg,FR294945.png,FR294945.pdf
FR295079,"",Putative conserved noncoding region (EvoFold),nc_conserved_region,Homo sapiens,EVF37213 RNAdb v2.0,60,ATTTTTATAGCTGTATTTGAGTACATTTCAAATGAATGTTTGTTAAACAGGGGGAAAAAT,FR295079.jpg,FR295079.png,FR295079.pdf
FR295369,"",Putative conserved noncoding region (RNAz),nc_conserved_region,Homo sapiens,RNZ18862 RNAdb v2.0,60,TATCAGGCTGAGAATTTGGTGGAGAAATCTGATCATATTCACTCAGTTTTTCAGCATGAA,FR295369.jpg,FR295369.png,FR295369.pdf
FR295658,"","",nc_conserved_region,Homo sapiens,RNS1905 RNAdb v2.0,60,CTAGTGGGTTTTCCTACCAACTAGTAAAGTGGTCCCCTGCCAGTCCACAACATAACAGGG,FR295658.jpg,FR295658.png,FR295658.pdf
FR297266,"",Putative conserved noncoding region (EvoFold),nc_conserved_region,Homo sapiens,EVF4107 RNAdb v2.0,60,TTCTGTCACATTTAGGAAGATGTATGGTAAGACAAGCGAGTTGTGATGTATCTGACAGAA,FR297266.jpg,FR297266.png,FR297266.pdf
FR297671,"",Putative conserved noncoding region (EvoFold),nc_conserved_region,Homo sapiens,EVF36965 RNAdb v2.0,60,GTCAGCAAAGTATTTTTTAAGGTTAAAAGGTGTAAAATTATTCTGAAATGCTTTTCTGAC,FR297671.jpg,FR297671.png,FR297671.pdf
FR297960,"",Putative conserved noncoding region (RNAz),nc_conserved_region,Homo sapiens,RNZ32649 RNAdb v2.0,60,AGGCAAAAGGATACCCCTATAAAGAGTAAAAGAGAAGGGCCTTTTGGTTGAGAAGTAAGT,FR297960.jpg,FR297960.png,FR297960.pdf
FR298547,"",Putative conserved noncoding region (EvoFold),nc_conserved_region,Homo sapiens,EVF28015 RNAdb v2.0,60,CCTTTATTTATTTGAAATAATTAGTGTAGTGATTACAAAACAGTCATAAATTTTTAAAGG,FR298547.jpg,FR298547.png,FR298547.pdf
FR299527,"","",nc_conserved_region,Homo sapiens,RNS1091 RNAdb v2.0,60,CACGCCCCTGGGGCTCACACACCTGGGCCCCTCTGGGGGGAACCACCAGAGGCAACGCCA,FR299527.jpg,FR299527.png,FR299527.pdf
FR301714,"",Putative conserved noncoding region (EvoFold),nc_conserved_region,Homo sapiens,EVF48394 RNAdb v2.0,60,ATCAAATCTGTACAGTTTCTATTGTTCCAGATTTTTTTAAGTTTGTATTAAAAGCATGAT,FR301714.jpg,FR301714.png,FR301714.pdf
FR301891,"",Putative conserved noncoding region (EvoFold),nc_conserved_region,Homo sapiens,EVF13335 RNAdb v2.0,60,TCATTTTTTCCCTGTCAAGCCACATTATTTTAAGGGTGACAATAACTTGGCTGTAAATGA,FR301891.jpg,FR301891.png,FR301891.pdf
FR302239,"",Putative conserved noncoding region (RNAz),nc_conserved_region,Homo sapiens,RNZ9422 RNAdb v2.0,60,TTTTGTCCTTGGTTCATGAAGTAGCTTCAGAACAGCTTTGGAGCAATAAAAGTGAAAGAG,FR302239.jpg,FR302239.png,FR302239.pdf
FR302388,"",Putative conserved noncoding region (EvoFold),nc_conserved_region,Homo sapiens,EVF33558 RNAdb v2.0,60,CTGCCAGCCTGTACTTATTAACAGTAGTGGCTTGTACCAGGAGCTGGAGTCAGATGGCAG,FR302388.jpg,FR302388.png,FR302388.pdf
FR303916,AF357331,C/D box small nucleolar RNA (snoRNA),C_D_box_snoRNA,Mus musculus,"u1369 NONCODE v1.0,SNO1070 RNAdb v2.0",60,CTAAAAAATAAATGTCTGAACATATGACTGCTATAATGATTTCAGCATTTAACTGAGATA,FR303916.jpg,FR303916.png,FR303916.pdf
FR305752,"",Putative conserved noncoding region (EvoFold),nc_conserved_region,Homo sapiens,EVF33825 RNAdb v2.0,60,AGATGCAGGACGCTATGGGCTATGAGTTACCCTGGGTGTATTTTGTCAGTCTGGTCATCT,FR305752.jpg,FR305752.png,FR305752.pdf
FR308023,"",Putative conserved noncoding region (EvoFold),nc_conserved_region,Homo sapiens,EVF33543 RNAdb v2.0,60,TGGAGAAGAGGTTCGAGATCCAGCGCTACCTGTCCACGCCAGAACGAGTGGAGCTGGCCA,FR308023.jpg,FR308023.png,FR308023.pdf
FR310162,"",Putative conserved noncoding region (EvoFold),nc_conserved_region,Homo sapiens,EVF40154 RNAdb v2.0,60,CCTTATCACTTTTCCAGCCCAGCTTTGTGACTGTAAGTGTTGGACGGAGAACTGATAAGG,FR310162.jpg,FR310162.png,FR310162.pdf
FR311869,AJ505727,small non-messenger RNA (snmRNA),ncRNA,Arabidopsis thaliana,u2926 NONCODE v1.0,60,AGAATAATAAAATAAAAAATAAAGAGTAGTAATTTTATTATCCCATTCGGATGGATTATA,FR311869.jpg,FR311869.png,FR311869.pdf
FR312624,M81884,Group II intron,group_II_intron,Epifagus virginiana,RF00029 Rfam v8.1,60,TTGAACCGTATGCATCAAAAAGTGCATGTACGGTTCCTAAGGGATAAAAATTTACCCTAC,FR312624.jpg,FR312624.png,FR312624.pdf
FR313281,"",Putative conserved noncoding region (RNAz),nc_conserved_region,Homo sapiens,RNZ30533 RNAdb v2.0,60,TATTTTCTTTGATAGGTTTAGAATAGTGATTTAGTTCTTCCTACCATAGAACAGAAATTG,FR313281.jpg,FR313281.png,FR313281.pdf
FR313426,AB187207,Hammerhead ribozyme (type III),hammerhead_ribozyme,Lentinula edodes,RF00008 Rfam v8.1,60,GGCGGGTTAGGGCAGCAGTTAAGCCCTCTGATGAGCCCCTTCGCAAGGGCGAAACCCGCA,FR313426.jpg,FR313426.png,FR313426.pdf
FR314002,"",Putative conserved noncoding region (EvoFold),nc_conserved_region,Homo sapiens,EVF47653 RNAdb v2.0,60,TTTTTATATATTTGCAGATTACGCCTTTTTGTAACGAGCAAATGGGATATTGTTTAAAAA,FR314002.jpg,FR314002.png,FR314002.pdf
FR317072,"",Putative conserved noncoding region (EvoFold),nc_conserved_region,Homo sapiens,EVF28467 RNAdb v2.0,60,CAGAGCACATTGTGTTCATGGGGCCTAGAGGATCCTTGAGGAATGAACAGATGTGCTCTG,FR317072.jpg,FR317072.png,FR317072.pdf
FR317399,"",Putative conserved noncoding region (RNAz),nc_conserved_region,Homo sapiens,RNZ11624 RNAdb v2.0,60,CTGCCTGGAAGTTTGTACTTTTCTTAGGAAGGAAATTACTCATGGCTTCCATGGTAACCT,FR317399.jpg,FR317399.png,FR317399.pdf
FR320386,"",Putative conserved noncoding region (EvoFold),nc_conserved_region,Homo sapiens,EVF6657 RNAdb v2.0,60,AGAAGTGCTTTTATCCCCTGAAGATACAGTATAAAATACAAATCATCATTGGTTTTATCT,FR320386.jpg,FR320386.png,FR320386.pdf
FR320506,AF028565,HIV gag stem loop 3 (GSL3),mature_transcript,Human immunodeficiency virus 1,RF00376 Rfam v8.1,60,AAAATATAGATTAAAACATATAGTATGGGCAAGCAGGGAGCTAGAACGATTCGCAGTCAA,,,
FR320866,"",Putative conserved noncoding region (RNAz),nc_conserved_region,Homo sapiens,RNZ36148 RNAdb v2.0,60,GCTGGTACCCTCTAACCCTCCCACAGAGTCCACCTTTGGAGGGACTGTCTACCAGCTTCA,FR320866.jpg,FR320866.png,FR320866.pdf
FR322562,"",Putative conserved noncoding region (RNAz),nc_conserved_region,Homo sapiens,RNZ25262 RNAdb v2.0,60,ACAAGCACAGGCTGGATTAATGATCAGAGAAACAAAAAGGATTAAATATCTGGCCTGGGA,FR322562.jpg,FR322562.png,FR322562.pdf
FR322765,"",Putative conserved noncoding region (RNAz),nc_conserved_region,Homo sapiens,RNZ5964 RNAdb v2.0,60,TGGCCCTGGCCCAGAGTCCTTCTGGGTCAGCTATTTCCTTCTGCAACTGTCTACCTACTG,FR322765.jpg,FR322765.png,FR322765.pdf
FR323870,AF110621,"transfer RNA (tRNA), GAA (Phe/F) Phenylalanine",tRNA,Rhipicephalus microplus,RF00005 Rfam v8.1,60,GTTTTTATAGTTTAATTAAAAAACATTACACTGAAAATGTAAAAATATTATTTAAAAACA,FR323870.jpg,FR323870.png,FR323870.pdf
FR324961,"",precursor micro RNA (miRNA) mir-439b,pre_miRNA,Oryza sativa,MI0001692 miRBase v9.2,60,TTCCTGTCGAATTGTGGTTGTTCGATAGGTACCCCTGTCGAACCGCGGTTGTTCGACAGG,FR324961.jpg,FR324961.png,FR324961.pdf
FR325486,AJ003046,C/D box small nucleolar RNA (snoRNA),C_D_box_snoRNA,Takifugu rubripes,u1957 NONCODE v1.0,60,TGATGTAACGATATTGCTATCTTAATGACGATGATGACAATATCCCACCAAGATCGCTGA,FR325486.jpg,FR325486.png,FR325486.pdf
FR326459,L48978,Japanese encephalitis virus (JEV) hairpin structure,mature_transcript,Kunjin virus,RF00465 Rfam v8.1,60,AGGAAGTCAGGCCGGAAATTTCCCGCCACCGGAAGTTGAGTAGACGGTGCTGCCTGCAAC,FR326459.jpg,FR326459.png,FR326459.pdf
FR327059,"",Putative conserved noncoding region (EvoFold),nc_conserved_region,Homo sapiens,EVF16725 RNAdb v2.0,60,TATTGTAACAGTATGTAATCTCTGTCAAGATAAAATTGCTTTGTGATTTACATTACAATA,FR327059.jpg,FR327059.png,FR327059.pdf
FR330091,"",Putative conserved noncoding region (EvoFold),nc_conserved_region,Homo sapiens,EVF14650 RNAdb v2.0,60,AAGAGTTTGAGGACTTCTCGAGTCTGCCAGACACCCGCAGCATCGCCTCGGACGACTCTT,FR330091.jpg,FR330091.png,FR330091.pdf
FR330211,"","",nc_conserved_region,Homo sapiens,RNS1713 RNAdb v2.0,60,AAGTGGAGATAATATGTTGCATGGATAGGCTTCTGGTGCTATCCAACGAATACCACATTT,FR330211.jpg,FR330211.png,FR330211.pdf
FR330286,AL954314,precursor micro RNA (miRNA) mir-9,pre_miRNA,Danio rerio,RF00237 Rfam v8.1,60,CTCTTTGGTTATCTAGCTGTATGAGTTATAACACTGTCATAAAGCTAGATAACCGAAAGT,FR330286.jpg,FR330286.png,FR330286.pdf
FR330443,"",Putative conserved noncoding region (RNAz),nc_conserved_region,Homo sapiens,RNZ32066 RNAdb v2.0,60,TGTTTGTTTCTTTCCTGGGGAAATTTAATATTAATTTTTCCCCAGGGAAACTCCCAGAGA,FR330443.jpg,FR330443.png,FR330443.pdf
FR331278,"",Putative conserved noncoding region (RNAz),nc_conserved_region,Homo sapiens,RNZ11336 RNAdb v2.0,60,TGCTGCTCTGAAAAGCATGCTTTAAAAACTAGAATTTCAAAGCAGCCTCCTGGAGGACAT,FR331278.jpg,FR331278.png,FR331278.pdf
FR332837,"",Putative conserved noncoding region (EvoFold),nc_conserved_region,Homo sapiens,EVF10609 RNAdb v2.0,60,CGCGCTGGTGCGCTCGGACGCAGTTGTCGCACAGGTGCTCCTGGCAGTCGAGGCAGCGCG,FR332837.jpg,FR332837.png,FR332837.pdf
FR336434,"",Putative conserved noncoding region (RNAz),nc_conserved_region,Homo sapiens,RNZ27034 RNAdb v2.0,60,GGGCTATTTTTCTGCCCCTATAGGCATAGAAAGGGTTCTCCAATTATTCAGCCCAACAGG,FR336434.jpg,FR336434.png,FR336434.pdf
FR336525,"","",nc_conserved_region,Mus musculus,RNS2346 RNAdb v2.0,60,CTAGTAGATTTGATCCACTAACTAGTAAAGTAGCAACTTCCTACTCACAGCAGAAGAGGG,FR336525.jpg,FR336525.png,FR336525.pdf
FR338343,AF228109,Group II intron,group_II_intron,Cephalotaxus fortunei,RF00029 Rfam v8.1,60,GAAAGCCGTGTGCAATGAAAATTGCAAGCACGGTTTGGGGAGAGATTTTTTTACTTTTAA,FR338343.jpg,FR338343.png,FR338343.pdf
FR342919,"",Putative conserved noncoding region (EvoFold),nc_conserved_region,Homo sapiens,EVF45734 RNAdb v2.0,60,ACATGTCTGTCATCGCCCACGTGGACCATGGCAAGTCCACGCTGACAGACTCCCTGGTGT,FR342919.jpg,FR342919.png,FR342919.pdf
FR345671,"",Putative conserved noncoding region (EvoFold),nc_conserved_region,Homo sapiens,EVF31961 RNAdb v2.0,60,TATCTCACTGCCTTTACTAAAAATCTAGTTGCAACATTTATTTGTGTGTTTGAAAAGGTA,FR345671.jpg,FR345671.png,FR345671.pdf
FR345752,"",Putative conserved noncoding region (EvoFold),nc_conserved_region,Homo sapiens,EVF22889 RNAdb v2.0,60,TTGGCACTGCACATGATTGCTCAGAGCGGAGAGACACAAGCAAAAATGTGCTAGTGCCAA,FR345752.jpg,FR345752.png,FR345752.pdf
FR347320,"",Putative conserved noncoding region (RNAz),nc_conserved_region,Homo sapiens,RNZ11493 RNAdb v2.0,60,CCAGGCCCACACACTGTGGAGGAGACACCATCTGCCCCAACCCTCAGCCCAGGCCTGGCA,FR347320.jpg,FR347320.png,FR347320.pdf
FR347329,"",Putative conserved noncoding region (EvoFold),nc_conserved_region,Homo sapiens,EVF26261 RNAdb v2.0,60,GTGTTCTTGATCTCTCATTCCATTTTATTCAGGCGAGATTGGAAAAAATCAAAAGAGCAC,FR347329.jpg,FR347329.png,FR347329.pdf
FR350014,AF458353,Japanese encephalitis virus (JEV) hairpin structure,mature_transcript,West Nile virus,RF00465 Rfam v8.1,60,AGGAAGTCAGGCCGGAGCATTTCCGCCACCGGATGCTGAGTAGACTGTGCTGCCTGCGTC,FR350014.jpg,FR350014.png,FR350014.pdf
FR350907,"",Putative conserved noncoding region (EvoFold),nc_conserved_region,Homo sapiens,EVF1697 RNAdb v2.0,60,TTCTTCATACCAATCCTGTGAGGTAGGGGCTATTAATAACCCCATTTTGCAGATGAAGAA,FR350907.jpg,FR350907.png,FR350907.pdf
FR352355,"",Putative conserved noncoding region (RNAz),nc_conserved_region,Homo sapiens,RNZ3920 RNAdb v2.0,60,GAGCAGAGTGAGAAAAAGAAACTAGATTCTTATCTTGCTCAGTTGCACTTACTGAGATCA,FR352355.jpg,FR352355.png,FR352355.pdf
FR352857,"",Putative conserved noncoding region (RNAz),nc_conserved_region,Homo sapiens,RNZ18291 RNAdb v2.0,60,GACACATTTTTAATGTCTGAACATCTACCAGGCTGGGCCTTTGGACCCGAATGAGCAGGG,FR352857.jpg,FR352857.png,FR352857.pdf
FR353580,"",Putative conserved noncoding region (EvoFold),nc_conserved_region,Homo sapiens,EVF4827 RNAdb v2.0,60,CTTTATATTATTTAGCAATATGTTGTAAATAGCATTATTAAGCTCTTTTTTGTAATAAAG,FR353580.jpg,FR353580.png,FR353580.pdf
FR355798,"AF141346,X96643",C/D box guide small nucleolar RNA (snoRNA) SNORD44 / U44,C_D_box_snoRNA,Homo sapiens,"HIT000383091 H-invitational v5.0,u5066 NONCODE v1.0,RF00287 Rfam v8.1",60,CCTGGATGATGATAGCAAATGCTGACTGAACATGAAGGTCTTAATTAGCTCTAACTGACT,FR355798.jpg,FR355798.png,FR355798.pdf
FR357657,"",Putative conserved noncoding region (RNAz),nc_conserved_region,Homo sapiens,RNZ9490 RNAdb v2.0,60,AAAATAGGTCTGTGTAAATAATCCAGCTCTGGGTGGATGAAAATTTTATAGTAGCTGATC,FR357657.jpg,FR357657.png,FR357657.pdf
FR359670,"",Putative conserved noncoding region (EvoFold),nc_conserved_region,Homo sapiens,EVF2133 RNAdb v2.0,60,GCTGCTGGCATGATGTATGGGCCGCGGCGCAGGGCCCGGCTGCCCATGAATCACCGCAGC,FR359670.jpg,FR359670.png,FR359670.pdf
FR360329,"",Putative conserved noncoding region (EvoFold),nc_conserved_region,Homo sapiens,EVF2715 RNAdb v2.0,60,TGTGTTTGCACAAATCATGTACCATTTGCTGTTTGTGTAAAAACCGATTAGCCAGACACA,FR360329.jpg,FR360329.png,FR360329.pdf
FR362577,"",Putative conserved noncoding region (RNAz),nc_conserved_region,Homo sapiens,RNZ9616 RNAdb v2.0,60,CTCATATTCTGCCCTGTTTCCAAGGCAAATATGCTGTATGTAATCAAGGCACATAGCAGA,FR362577.jpg,FR362577.png,FR362577.pdf
FR367014,"",Putative conserved noncoding region (EvoFold),nc_conserved_region,Homo sapiens,EVF43172 RNAdb v2.0,60,CATTTCCAATTATTTTGTTGAATTGCTAATTTAGTTATTGTGCCTGGTGTAATTGTGATG,FR367014.jpg,FR367014.png,FR367014.pdf
FR367209,"",Putative conserved noncoding region (EvoFold),nc_conserved_region,Homo sapiens,EVF33341 RNAdb v2.0,60,TTTGCTTTTGACATTTTAAAAACTTCTTATTGTTGAAAATGTCAAACACACAAAAGCAGA,FR367209.jpg,FR367209.png,FR367209.pdf
FR367932,"",precursor micro RNA (miRNA) mir-23b,pre_miRNA,Bos taurus,MI0005066 miRBase v9.2,60,GGGTTCCTGGCATGCTGATTTGTGACTTAAGATTAAAATCACATTGCCAGGGATTACCAC,FR367932.jpg,FR367932.png,FR367932.pdf
FR368632,"",Putative conserved noncoding region (EvoFold),nc_conserved_region,Homo sapiens,EVF21874 RNAdb v2.0,60,ATTGGTTTCACATGAGGTGATTAGACTCTTTTCGTGCTAATTGCACTAGAAAGAACTAAT,FR368632.jpg,FR368632.png,FR368632.pdf
FR374113,"",Putative conserved noncoding region (EvoFold),nc_conserved_region,Homo sapiens,EVF18235 RNAdb v2.0,60,TGTCTTTAGAATTAAGATGGCTGTCTTCATCCTTACAGCATACTCTTAATTCTGAAGACA,FR374113.jpg,FR374113.png,FR374113.pdf
FR374309,"",Putative conserved noncoding region (RNAz),nc_conserved_region,Homo sapiens,RNZ15032 RNAdb v2.0,60,AAAATAAAAATTTTAAAGGGATCGATTGTTGCCAAAAATATCTACAGCAACAAGAGATAA,FR374309.jpg,FR374309.png,FR374309.pdf
FR376065,K01438,Rous sarcoma virus (RSV) primer binding site (PBS),mature_transcript,Gallus gallus,RF00467 Rfam v8.1,60,GACGACTACGAGCACATGCATGAAGCAGAAGGCTTCATGGTGACCCCGACGTGAAGCGCT,FR376065.jpg,FR376065.png,FR376065.pdf
FR378591,"",Putative conserved noncoding region (RNAz),nc_conserved_region,Homo sapiens,RNZ34365 RNAdb v2.0,60,GGGGCTTTCTGAACAGGTGCTGTGATTACTGATGAATTTCAGCAATTAACACCTGTGTTT,FR378591.jpg,FR378591.png,FR378591.pdf
FR379182,"",Putative conserved noncoding region (RNAz),nc_conserved_region,Homo sapiens,RNZ10753 RNAdb v2.0,60,CTCTGACCAACAAGCTTTTTGCTCGTCTTATACGTGAGCATCAGGTATAACCCGGGCCAA,FR379182.jpg,FR379182.png,FR379182.pdf
FR379442,"AF297841,AF297842,AF297844,AF297854,AF297855,AF297858,AF297859,AF458351,AY274504,AY274505,L24512,L48979",Japanese encephalitis virus (JEV) hairpin structure,mature_transcript,Kunjin virus,RF00465 Rfam v8.1,60,AGGAAGTCAGGCCGGAAAATTCCCGCCACCGGAAGTTGAGTAGACGGTGCTGCCTGCGAC,FR379442.jpg,FR379442.png,FR379442.pdf
FR379520,"",Putative conserved noncoding region (EvoFold),nc_conserved_region,Homo sapiens,EVF20845 RNAdb v2.0,60,TGTCTGGCCTGGACCCCAACGCCATGTACTCCTTCCTGCTGGACTTCGTGGCGGCGGACA,FR379520.jpg,FR379520.png,FR379520.pdf
FR380229,"",Putative conserved noncoding region (RNAz),nc_conserved_region,Homo sapiens,RNZ33732 RNAdb v2.0,60,GTAATTATATATAATTAAAAAGCACAGAGGAATGGGCATAAAAGCACAATGAAGTAATAA,FR380229.jpg,FR380229.png,FR380229.pdf
FR382204,"",Putative conserved noncoding region (EvoFold),nc_conserved_region,Homo sapiens,EVF3964 RNAdb v2.0,60,GGACTACAACTCCCAGTGTGCACCACAATTGCTTTGTATGTACCTTGGGAGTTGTAGTCC,FR382204.jpg,FR382204.png,FR382204.pdf
FR382233,"",Putative conserved noncoding region (EvoFold),nc_conserved_region,Homo sapiens,EVF3058 RNAdb v2.0,60,TCATGTATTTTTCAACCATGAAATGAAAATCTCAGTGCTCACATTCCAATTCATACATGA,FR382233.jpg,FR382233.png,FR382233.pdf
FR382726,"",Putative conserved noncoding region (EvoFold),nc_conserved_region,Homo sapiens,EVF23934 RNAdb v2.0,60,TTTGTTTGTTCCTTTGTTAATATCTTGCTCTGCTAGGTTTACAAATCCTAAATAAATAGA,FR382726.jpg,FR382726.png,FR382726.pdf
FR382787,"",Putative conserved noncoding region (EvoFold),nc_conserved_region,Homo sapiens,EVF10104 RNAdb v2.0,60,TTTTTCCTGGAATTTAGGCTCACTGCTGATGTGTGACCTTCAGCAGTAATTGCCAATAAA,FR382787.jpg,FR382787.png,FR382787.pdf
FR385537,"",Putative conserved noncoding region (EvoFold),nc_conserved_region,Homo sapiens,EVF28618 RNAdb v2.0,60,TATTTAAATATTTCTTATTCACAGGCACCCAGCTGTGATGGAGGAAGCTGTATTTAAATA,FR385537.jpg,FR385537.png,FR385537.pdf
FR386662,"",Putative conserved noncoding region (RNAz),nc_conserved_region,Homo sapiens,RNZ12032 RNAdb v2.0,60,GTCCAGTTTGGGGCCCTTGATGTCCACCTGGGGGCCCTTGAGGTCCACTTTGGGCATCTT,FR386662.jpg,FR386662.png,FR386662.pdf
FR387442,"",Putative conserved noncoding region (EvoFold),nc_conserved_region,Homo sapiens,EVF2933 RNAdb v2.0,60,TTATAATTACATTCACATGTTGGCTAATTGGGCCCTTCGGGGCCTTCCTCCTAATTATAA,FR387442.jpg,FR387442.png,FR387442.pdf
FR391668,"",Putative conserved noncoding region (RNAz),nc_conserved_region,Homo sapiens,RNZ20588 RNAdb v2.0,60,GAGGAAGTGGAAAATAGAAGTTTCCATAAGGAACTGGAATCAGAATTCCTGAGATCAGAA,FR391668.jpg,FR391668.png,FR391668.pdf
FR392009,"",Putative conserved noncoding region (EvoFold),nc_conserved_region,Homo sapiens,EVF28874 RNAdb v2.0,60,TCTTAATCTATTAGAGCGATATACAAGTGGCAATTGTTGATTGCAAAAATGGGATTAAGA,FR392009.jpg,FR392009.png,FR392009.pdf
FR392740,"",Putative conserved noncoding region (RNAz),nc_conserved_region,Homo sapiens,RNZ25544 RNAdb v2.0,60,TGGGTAGAGAAGTGCCTATACTTCTCTACCTAAGAGGGCAGGAGGGAAACCCTACAGCTC,FR392740.jpg,FR392740.png,FR392740.pdf
FR393070,"",Putative conserved noncoding region (EvoFold),nc_conserved_region,Homo sapiens,EVF22575 RNAdb v2.0,60,TTGCATAAGTAAATGGAGGTCTGACATCTGCATTTTTATAAAATTCATAGTTTGGGGCAA,FR393070.jpg,FR393070.png,FR393070.pdf
FR395497,"",Putative conserved noncoding region (RNAz),nc_conserved_region,Homo sapiens,RNZ12449 RNAdb v2.0,60,ACTCACTCCAGGTTGTTCTGCTCCTGGGTCTTTAAGGTCTGGAAGAGCTTCTCAACCTGG,FR395497.jpg,FR395497.png,FR395497.pdf
FR395559,"",Putative conserved noncoding region (EvoFold),nc_conserved_region,Homo sapiens,EVF45938 RNAdb v2.0,60,CCTCGCACTCGTAGCAGTAGGTGGGCGTGGTGGCCGTCCACACTTCGAAGTTGTGTGGCG,FR395559.jpg,FR395559.png,FR395559.pdf
FR396474,"",Putative conserved noncoding region (EvoFold),nc_conserved_region,Homo sapiens,EVF1513 RNAdb v2.0,60,ATGTCAGAGCAAATTGCTCTTGACAGCGTTAATATCTGCACCTCATAGCAATAATTACAT,FR396474.jpg,FR396474.png,FR396474.pdf
FR400124,"",Putative conserved noncoding region (EvoFold),nc_conserved_region,Homo sapiens,EVF4430 RNAdb v2.0,60,TTTTTCCTTCCTACTGCCACTCCGACCTTTCCTGGTTGGTGAGTCAGTAGGAGGCAAAAA,FR400124.jpg,FR400124.png,FR400124.pdf
FR400293,S72312,non-protein coding (noncoding) transcript,ncRNA,Homo sapiens,"HIT000216422 H-invitational v5.0,HIV1032 RNAdb v2.0",60,GGTGGGAGCCAACCCCATTTGATAGGAATTTTGCCACTAAGATGGGCGCCAAGGCTATGA,FR400293.jpg,FR400293.png,FR400293.pdf
FR401701,"",Putative conserved noncoding region (EvoFold),nc_conserved_region,Homo sapiens,EVF27372 RNAdb v2.0,60,TCTGGAAGAAGTCGTATTTCAGGAAGTCATGCATGGGCTTGTAGACTGGAATGGTCCAGA,FR401701.jpg,FR401701.png,FR401701.pdf
FR403310,"",Putative conserved noncoding region (RNAz),nc_conserved_region,Homo sapiens,RNZ8110 RNAdb v2.0,60,CAGGGAGTTTCTCGGGCATGGGAAGGCCCTTATTCAGCAACTCTGAATAAAACCCAAGGT,FR403310.jpg,FR403310.png,FR403310.pdf
FR404258,D28360,non-protein coding (noncoding) transcript,ncRNA,Homo sapiens,"HIT000101189 H-invitational v5.0,HIV2615 RNAdb v2.0",60,CTCTGTGAGCGCAACCTTTCCAAGGGAGTGGTTGTGTGATCGCCATCTTAGGGAATGTTC,FR404258.jpg,FR404258.png,FR404258.pdf
FR406023,M38332,Pseudomonas small noncoding RNA (sRNA) P26,ncRNA,Escherichia coli,RF00630 Rfam v8.1,60,ATAACGCCGGTTGCAGCCCGAGAAATCAGGCGTGGCTGGTGACTTTTTAGTCACCAGCTT,FR406023.jpg,FR406023.png,FR406023.pdf
FR406595,AC025750,C/D box small nucleolar RNA (snoRNA) SNORD75 / U75,C_D_box_snoRNA,Homo sapiens,RF00612 Rfam v8.1,60,ATTTCTATGGAAAAGAGGTGAAGTGGACAGAAGGGATGTCTGAAATTCTATCCTGAGGCT,FR406595.jpg,FR406595.png,FR406595.pdf
FR407554,U20233,non-protein coding (noncoding) transcript,ncRNA,Homo sapiens,HIT000398678 H-invitational v5.0,60,TCTGATGCTGGTCTCTTCTCCCCAGGTACAATGGCTTGGTGACCGGCACGAGGGCTAAGG,FR407554.jpg,FR407554.png,FR407554.pdf
FR510057,"",predicted precursor micro RNA (miRNA) HN-6 [false negative],pre_miRNA,Homo sapiens,"",60,GAGAAGTTGCCCGTGTTTTTTTCGCTTTATTTGTGACGAAACATTCGCGGTGCACTTCTT,FR510057.jpg,FR510057.png,FR510057.pdf
FR510069,"",predicted precursor micro RNA (miRNA) MN-4 [false negative],pre_miRNA,Mus musculus,"",60,GCTGGGGCTGGGAACTGAGCTCAGGTCCTCGGGAAGAGCAGCCATCTCTCCAGCCCCGGC,FR510069.jpg,FR510069.png,FR510069.pdf
